,match_id,player,opponent,season,match_result,indoors,total_points_won,winners,forehand_winner,backhand_winner,errors_forced,unforced_errors,unforced_errors_net,unforced_errors_long,unforced_errors_forehand,unforced_errors_backhand,forced_errors_by_opponent,forced_errors_by_opponent_net,forced_errors_by_opponent_long,break_points_total,break_points_won,aces,double_faults,double_faults_error_net,double_faults_error_long,total_serves,first_serves_in,first_serve_in_percentage,first_serves_won,first_serves_won_percentage,total_second_serves,second_serves_in,second_serves_in_percentage,second_serves_won,second_serves_won_percentage,first_serve_returns,first_serve_returns_percentage,second_serve_returns,second_serve_returns_percentage,short_rallies_won,short_rallies_won_percentage,medium_rallies_won,medium_rallies_won_percentage,long_rallies_won,long_rallies_won_percentage,service_games_total,service_games_won,service_games_won_percentage,aggressive_error_margin_1,aggressive_error_margin_2,first_serve_performance
0,62150d674500004a00cc8886,Priska Nugroho,Ansari,22,0,True,55,9,5,1,11,20,7,13,12,6,13,4,9,13,3,1,4,3,1,56,24,0.43,14,0.58,32,28,0.88,16,0.5,26,0.84,11,0.79,33,0.49,12,0.52,10,0.53,8,5,0.62,0,21,6.0
1,6217b1084200004b002ff9b4,Priska Nugroho,Vidmanova,22,0,True,60,32,8,1,3,22,6,16,10,8,4,3,1,11,4,4,1,0,1,50,27,0.54,22,0.81,23,22,0.96,12,0.52,25,0.81,17,0.94,23,0.51,17,0.53,20,0.8,5,5,1.0,13,39,11.88
2,6218fc1f420000650a2ff9f0,Priska Nugroho,Tran,22,0,True,34,10,3,1,12,19,8,11,6,12,17,9,8,0,0,0,1,0,1,51,30,0.59,18,0.6,21,20,0.95,8,0.38,19,0.68,14,0.93,18,0.38,12,0.38,4,0.27,8,5,0.62,3,22,10.59
3,62150dc64500004900cc8887,Nell Miller,Flach,22,0,True,58,5,3,2,16,17,11,6,7,9,9,5,4,11,7,5,5,5,0,44,28,0.64,20,0.71,16,11,0.69,6,0.38,20,0.91,23,0.88,44,0.68,9,0.36,5,0.83,8,5,0.62,4,26,12.73
4,6217b1d642000033002ff9b6,Nell Miller,Hertel,22,0,True,58,13,3,7,6,22,12,10,7,13,2,1,1,10,5,4,4,3,1,41,21,0.51,18,0.86,20,16,0.8,10,0.5,25,0.78,14,1.0,41,0.64,9,0.47,8,0.73,5,5,1.0,-3,23,9.22
5,6218fc8742000034002ff9f1,Nell Miller,Crawley,22,0,True,87,14,2,8,20,30,12,18,16,12,25,14,11,18,8,1,16,12,4,83,46,0.55,29,0.63,37,21,0.57,10,0.27,57,0.95,21,0.84,51,0.54,20,0.49,16,0.39,10,7,0.7,4,35,16.07
6,62150dfd4500004a00cc8888,Sophie Abrams,Axon,22,0,True,55,17,4,7,0,25,11,14,12,10,1,1,0,11,5,2,3,1,2,47,26,0.55,19,0.73,21,18,0.86,11,0.52,25,0.83,12,0.75,35,0.56,14,0.64,6,0.6,8,7,0.88,-8,19,10.51
7,6218fd4242000033002ff9f2,Sophie Abrams,Tanguilig,22,0,True,54,20,7,3,1,41,12,29,28,11,1,1,0,5,2,0,4,2,2,62,45,0.73,26,0.58,17,13,0.76,5,0.29,22,0.65,10,0.56,30,0.39,13,0.46,11,0.79,6,3,0.5,-20,21,18.87
8,621cedd74300005c72219d83,Sophie Abrams,Coppoc,22,0,True,79,18,4,2,6,56,21,35,31,16,5,3,2,9,3,0,5,2,3,81,47,0.58,29,0.62,34,29,0.85,18,0.53,38,0.72,20,0.8,40,0.41,24,0.65,15,0.54,10,9,0.9,-32,24,16.83
9,6140be1e42000090d43825ae,Sara Nayar,Anna Brylin,22,0,False,64,17,6,6,17,16,3,13,5,10,17,6,11,9,6,1,6,2,4,63,40,0.63,27,0.68,23,17,0.74,5,0.22,24,0.77,16,0.84,41,0.53,14,0.48,9,0.64,5,3,0.6,18,35,17.14
10,6140c0004200008fd43825b4,Sara Nayar,Amelia Rajecki,22,0,False,168,27,19,5,38,81,22,59,51,29,38,14,24,12,9,6,16,5,11,168,98,0.58,65,0.66,70,54,0.77,32,0.46,70,0.71,37,0.69,125,0.5,28,0.5,15,0.5,12,12,1.0,-16,71,37.92
11,6140c00342000090d43825b6,Sara Nayar,Cassie Wooten,22,0,False,51,10,3,2,0,41,12,29,19,21,1,0,1,11,5,0,5,2,3,57,36,0.63,16,0.44,21,16,0.76,6,0.29,27,0.87,12,0.71,27,0.44,13,0.46,11,0.48,8,2,0.25,-31,10,10.11
12,6032c408420000f22117d8d6,Amelia Rajecki,Wooten,21,0,True,100,29,14,1,0,70,39,31,45,20,0,0,0,8,4,0,6,2,4,102,62,0.61,42,0.68,40,34,0.85,18,0.45,49,0.8,35,0.92,55,0.5,29,0.47,16,0.53,6,6,1.0,-41,29,25.53
13,603311d34200009db717d8ea,Amelia Rajecki,Daria Kuczer,21,0,True,82,15,8,0,0,58,24,34,42,16,1,1,0,9,4,6,4,0,4,87,54,0.62,32,0.59,33,29,0.88,16,0.48,48,0.83,18,0.86,45,0.49,20,0.48,17,0.49,12,7,0.58,-43,21,19.86
14,613f813d420000186838259a,Amelia Rajecki,Jaeda Daniel,22,0,False,108,12,7,5,32,54,15,39,35,18,32,14,18,13,7,1,9,5,4,108,61,0.56,38,0.62,47,38,0.81,23,0.49,43,0.7,29,0.76,78,0.5,22,0.5,8,0.5,10,9,0.9,-10,45,21.46
15,6140be2042000093d43825af,Amelia Rajecki,Peyton Pesavento,22,0,False,58,11,6,1,8,39,17,22,24,13,1,1,0,9,3,1,5,3,2,53,36,0.68,28,0.78,17,12,0.71,10,0.59,18,0.56,13,0.65,38,0.5,15,0.62,5,0.83,10,9,0.9,-20,20,19.02
16,62150e2a4500004a00cc8889,Amelia Rajecki,Chen,22,0,True,44,5,3,1,1,39,12,27,22,15,2,1,1,5,1,7,7,5,2,57,28,0.49,21,0.75,29,22,0.76,10,0.34,16,0.62,15,0.79,31,0.42,8,0.42,5,0.42,5,5,1.0,-33,13,10.32
17,6217b3f342000034002ff9b8,Amelia Rajecki,Kowalski,22,0,True,64,19,9,0,14,65,23,42,32,29,5,3,2,10,6,2,8,5,3,78,44,0.56,26,0.59,34,26,0.76,10,0.29,37,0.88,22,0.88,29,0.41,12,0.48,23,0.44,5,4,0.8,-32,35,14.67
18,6218fdaa4200004b002ff9f3,Amelia Rajecki,Anika Yarlagadda,22,0,True,82,18,10,3,29,51,15,36,36,15,22,9,13,11,4,9,11,5,6,88,45,0.51,35,0.78,43,32,0.74,13,0.3,52,0.84,18,0.82,47,0.47,14,0.37,21,0.62,11,6,0.55,-4,56,17.9
19,604f85de430000166386b5be,Abigail Rencheli,Marti,21,0,False,64,26,7,5,0,41,15,26,19,14,0,0,0,8,7,0,2,0,2,60,30,0.5,16,0.53,30,28,0.93,15,0.5,23,0.79,21,0.91,29,0.48,20,0.59,15,0.68,6,4,0.67,-15,26,8.0
20,604f8903430000366386b5c7,Abigail Rencheli,Carol Lee,21,0,False,83,25,7,5,20,55,22,33,26,27,11,5,6,10,5,1,7,2,5,86,43,0.5,26,0.6,43,36,0.84,17,0.4,51,0.85,19,0.83,34,0.4,23,0.48,26,0.63,11,5,0.45,-10,46,13.0
21,6058b5304500000abd7c613e,Abigail Rencheli,Maria Ross,21,0,True,62,15,11,1,3,38,12,26,14,20,0,0,0,7,6,2,2,0,2,59,36,0.61,24,0.67,23,21,0.91,11,0.48,23,0.85,15,0.83,39,0.55,12,0.5,11,0.73,6,5,0.83,-20,20,14.64
22,6058b8f2450000ada37c6149,Abigail Rencheli,Kozyreva,21,0,False,64,18,8,3,0,32,14,18,14,16,0,0,0,11,7,0,1,1,0,49,25,0.51,16,0.64,24,23,0.96,13,0.54,20,0.8,24,0.92,31,0.55,22,0.71,11,0.65,6,6,1.0,-14,18,8.16
23,6070d392450000c52cfd24c5,Abigail Rencheli,Elizabet Danailova,21,0,False,53,8,5,3,12,18,4,14,10,8,8,4,4,11,6,3,3,1,2,44,23,0.52,14,0.61,21,18,0.86,11,0.52,22,0.73,16,0.89,45,0.57,2,0.29,6,0.86,8,6,0.75,2,23,7.32
24,607392b74600001fe320179a,Abigail Rencheli,O'dell,21,0,False,50,19,5,8,0,32,11,21,13,17,0,0,0,7,5,0,1,0,1,43,22,0.51,14,0.64,21,20,0.95,12,0.57,11,0.58,18,0.86,28,0.52,15,0.71,7,0.58,7,5,0.71,-13,19,7.16
25,611d1a61410000ae020b8127,Abigail Rencheli,Kezuka,21,0,False,54,17,6,4,18,14,8,6,10,2,13,4,9,9,5,0,2,2,0,46,28,0.61,21,0.75,18,16,0.89,10,0.56,21,0.78,9,0.64,38,0.58,10,0.59,6,0.67,4,4,1.0,21,35,12.78
26,613f7f5c4200000768382599,Abigail Rencheli,Jaeda Daniel,22,0,False,92,12,5,6,15,53,17,36,34,19,15,3,12,14,8,1,11,2,9,92,50,0.54,33,0.66,42,31,0.74,13,0.31,35,0.7,24,0.77,69,0.5,14,0.5,9,0.5,9,7,0.78,-26,28,17.93
27,6140bc3d42000090d43825ac,Abigail Rencheli,Maryam Ahmad,22,0,False,59,15,5,8,6,18,6,12,6,12,7,6,1,9,6,0,4,1,3,44,28,0.64,23,0.82,16,12,0.75,5,0.31,18,0.72,21,0.81,47,0.58,9,0.69,3,1.0,5,5,1.0,3,21,14.64
28,6140be2342000090d43825b1,Abigail Rencheli,Samantha Martinelli ,22,0,False,52,21,10,7,1,24,10,14,12,11,1,0,1,8,7,0,4,0,4,42,22,0.52,14,0.64,20,16,0.8,9,0.45,20,0.83,15,0.79,34,0.54,15,0.68,3,1.0,7,5,0.71,-2,22,7.33
29,62150d094500004900cc8885,Abigail Rencheli,Arsenault,22,0,True,46,9,5,3,3,42,12,30,21,21,1,0,1,3,2,3,9,6,3,54,30,0.56,21,0.7,24,15,0.62,6,0.25,21,0.62,13,0.65,34,0.41,7,0.35,5,0.56,9,5,0.56,-30,15,11.67
30,6218fbae4200004a002ff9ef,Abigail Rencheli,Scotty,22,0,True,58,17,6,7,3,27,11,16,13,14,3,2,1,12,6,1,5,3,2,52,33,0.63,18,0.55,19,14,0.74,11,0.58,24,0.86,12,0.63,41,0.57,9,0.5,8,0.73,9,6,0.67,-7,21,11.42
31,621cf0054300008a6e219d84,Abigail Rencheli,Reasco,22,0,True,82,23,9,5,10,61,24,37,41,17,5,3,2,13,6,0,4,2,2,75,37,0.49,25,0.68,38,34,0.89,15,0.39,56,0.82,13,0.81,33,0.43,29,0.62,20,0.53,10,7,0.7,-28,33,12.33
32,5d94152f1800002f5dcaa8f4,Jaeda Daniel,Thamchaiwait,20,0,False,46,10,4,4,12,32,9,23,11,21,7,3,4,9,4,1,4,0,4,54,35,0.65,15,0.43,19,15,0.79,7,0.37,32,0.94,11,0.85,21,0.4,11,0.42,14,0.54,10,3,0.3,-10,23,9.72
33,5d976bb4210000975ba3449c,Jaeda Daniel,Tenika McGiffin,20,0,False,46,13,2,6,5,33,9,24,10,21,8,5,3,10,3,0,8,5,3,49,23,0.47,15,0.65,26,18,0.69,5,0.19,30,0.91,16,0.89,26,0.5,11,0.31,9,0.56,5,3,0.6,-15,18,7.04
34,5d9419fc180000195ecaa8f7,Jaeda Daniel,Sharma,20,0,False,33,8,2,2,7,24,4,20,15,8,12,6,6,5,3,0,6,4,2,44,31,0.7,9,0.29,13,7,0.54,3,0.23,26,0.84,5,0.71,22,0.41,8,0.42,3,0.27,4,0,0.0,-9,15,6.34
35,5e250a9e1b0000701d48c2a6,Jaeda Daniel,Asensi,20,0,True,55,20,8,9,21,16,4,12,9,6,11,5,6,10,7,2,4,1,3,42,31,0.74,22,0.71,11,7,0.64,2,0.18,26,0.84,13,0.87,31,0.6,12,0.52,12,0.8,8,5,0.62,25,43,16.24
36,5e24af1a1b00001f0e48c293,Jaeda Daniel,Schech,20,0,True,49,9,5,3,5,19,8,11,13,6,6,4,2,7,5,0,1,0,1,41,27,0.66,22,0.81,14,13,0.93,6,0.43,19,0.86,11,0.85,35,0.65,11,0.58,3,0.43,4,4,1.0,-5,14,14.49
37,5e2b2851180000b77d6eb542,Jaeda Daniel,Earnhardt,20,0,True,71,33,12,1,12,39,15,24,24,7,9,6,3,9,6,2,5,0,5,68,46,0.68,28,0.61,22,17,0.77,11,0.5,34,0.87,12,0.75,35,0.51,26,0.67,10,0.56,6,5,0.83,6,47,18.94
38,5e2b2d9d180000af7e6eb54b,Jaeda Daniel,Ncube,20,0,True,66,5,1,2,11,35,13,22,26,9,8,4,4,6,5,0,7,4,3,58,38,0.66,26,0.68,20,13,0.65,9,0.45,29,0.76,15,0.75,49,0.56,9,0.47,8,0.57,5,5,1.0,-19,16,17.03
39,5e2c605f180000d5b96eb57c,Jaeda Daniel,Niezgooda,20,0,False,60,20,7,6,9,21,3,18,9,12,5,5,0,9,7,0,14,8,6,50,28,0.56,22,0.79,22,8,0.36,7,0.32,31,0.78,13,0.76,33,0.5,14,0.54,13,0.81,6,4,0.67,8,29,12.32
40,5e2c640a18000083ba6eb582,Jaeda Daniel,Chang,20,0,False,97,29,10,8,31,45,15,30,23,15,10,5,5,19,10,0,10,8,2,86,55,0.64,32,0.58,31,21,0.68,12,0.39,44,0.92,28,0.88,55,0.61,30,0.52,12,0.5,6,4,0.67,15,60,20.47
41,5e373e8e1e00008e16e057fa,Jaeda Daniel,Dimitrova,20,0,False,66,18,13,5,0,36,12,24,22,14,0,0,0,16,7,0,7,2,5,54,29,0.54,19,0.66,25,18,0.72,11,0.44,32,0.78,13,0.87,43,0.57,17,0.61,6,0.55,5,3,0.6,-18,18,10.2
42,5e3784641e0000d41de05817,Jaeda Daniel,Manu,20,0,True,46,11,3,7,5,29,11,18,16,12,4,1,3,8,2,1,7,3,4,50,29,0.58,21,0.72,21,14,0.67,6,0.29,28,0.93,8,0.8,34,0.58,8,0.36,4,0.29,4,4,1.0,-13,17,12.18
43,5e5af52a1b0000b9e83e6573,Jaeda Daniel,Carter,20,0,False,58,17,4,3,8,38,10,28,25,7,6,3,3,7,5,0,5,0,5,60,42,0.7,20,0.48,18,13,0.72,11,0.61,34,0.89,10,0.91,25,0.48,17,0.53,16,0.57,5,5,1.0,-13,25,14.0
44,5e5d9cb71e00009f809b3742,Jaeda Daniel,Glossman,20,0,False,67,17,5,3,4,32,12,20,18,11,7,4,3,10,6,0,4,2,2,59,47,0.8,28,0.6,12,8,0.67,5,0.42,39,0.91,10,0.67,32,0.57,22,0.55,13,0.57,5,3,0.6,-11,21,22.31
45,6011cd84420000dc0b5aeb84,Jaeda Daniel,Hand,21,0,True,24,2,2,0,1,35,10,25,20,13,4,4,0,4,0,1,2,1,1,37,25,0.68,9,0.36,12,10,0.83,5,0.42,23,0.85,8,0.8,14,0.34,5,0.19,5,0.62,7,2,0.29,-32,4,6.08
46,60143214420000a2575aebaa,Jaeda Daniel,Mattel,21,0,True,78,18,8,6,3,44,13,31,23,18,14,8,6,18,7,1,11,7,4,79,45,0.57,24,0.53,34,23,0.68,16,0.47,36,0.8,19,0.83,39,0.48,25,0.61,14,0.44,12,7,0.58,-23,22,13.67
47,6018319642000009da5aec29,Jaeda Daniel,Aleshina,21,0,True,53,9,5,3,13,14,3,11,9,4,2,1,1,9,6,3,4,3,1,37,21,0.57,16,0.76,16,12,0.75,11,0.69,10,0.71,16,0.89,43,0.67,9,0.82,1,0.5,4,4,1.0,8,25,9.08
48,6032c365420000f62117d8d3,Jaeda Daniel,Brylin,21,0,True,65,18,8,7,6,37,11,26,17,19,4,3,1,7,6,1,5,3,2,58,38,0.66,29,0.76,20,15,0.75,7,0.35,28,0.7,17,0.77,40,0.53,17,0.65,8,0.42,6,6,1.0,-13,25,19.0
49,6033029e4200003bb717d8e6,Jaeda Daniel,Tenika McGiffin,21,0,True,58,19,9,9,5,41,8,33,19,22,2,2,0,10,4,3,3,3,0,56,32,0.57,22,0.69,24,21,0.88,9,0.38,27,0.82,13,0.72,35,0.52,13,0.65,10,0.43,5,4,0.8,-17,27,12.57
50,604f8528430000356386b5bc,Jaeda Daniel,Sipek,21,0,False,53,18,7,4,12,23,5,18,9,10,2,2,0,8,6,1,2,0,2,38,28,0.74,22,0.79,10,8,0.8,4,0.4,21,0.78,12,0.8,34,0.64,12,0.75,7,0.58,4,4,1.0,7,31,16.21
51,604f876c430000376386b5c2,Jaeda Daniel,Garcia,21,0,False,57,20,14,5,22,27,11,16,18,8,11,4,7,6,4,1,2,1,1,50,29,0.58,20,0.69,21,19,0.9,15,0.71,22,0.67,11,0.79,30,0.5,19,0.68,8,0.8,5,5,1.0,15,43,11.6
52,6058b3524500001fa37c613c,Jaeda Daniel,Irani,21,0,True,64,24,12,6,6,52,17,35,28,21,12,6,6,13,4,2,4,0,4,62,38,0.61,20,0.53,24,20,0.83,12,0.5,41,0.84,19,0.9,26,0.41,14,0.44,24,0.59,10,5,0.5,-22,32,12.26
53,6058b71045000007a37c6146,Jaeda Daniel,Ramirez,21,0,False,88,23,11,3,0,56,23,33,25,27,5,3,2,12,7,3,11,8,3,86,41,0.48,21,0.51,45,34,0.76,26,0.58,49,0.84,17,0.71,62,0.52,16,0.41,10,0.62,12,8,0.67,-33,26,10.01
54,6070d3914500003093fd24c4,Jaeda Daniel,Andreini,21,0,False,53,20,12,1,4,29,9,20,14,14,0,0,0,6,6,3,2,1,1,44,22,0.5,15,0.68,22,20,0.91,12,0.55,25,0.83,8,0.89,27,0.56,16,0.62,10,0.91,8,6,0.75,-5,27,7.5
55,607392b64600001fe3201799,Jaeda Daniel,Shaikh,21,0,False,53,8,6,0,9,32,7,25,17,13,10,6,4,13,6,6,1,0,1,46,29,0.63,21,0.72,17,16,0.94,6,0.35,27,0.82,13,0.81,34,0.59,11,0.5,8,0.44,8,5,0.62,-15,23,13.24
56,610c36a03f0000d14fafd468,Jaeda Daniel,Davidescu,21,0,True,48,13,9,3,2,11,5,6,9,1,1,0,1,6,6,1,2,0,2,31,16,0.52,12,0.75,15,13,0.87,12,0.8,18,0.95,12,0.92,35,0.76,10,0.77,3,0.43,3,3,1.0,4,16,6.19
57,611d1a5f410000aa020b8126,Jaeda Daniel,Hsieh,21,0,False,71,18,10,4,14,28,7,21,20,8,15,6,9,7,6,2,9,5,4,71,40,0.56,22,0.55,31,22,0.71,16,0.52,33,0.89,19,0.86,40,0.48,24,0.62,7,0.7,6,5,0.83,4,34,12.39
58,6140be1c4200008fd43825ad,Jaeda Daniel,Schech,22,0,False,54,7,2,4,17,20,6,14,12,7,10,7,3,8,6,3,3,0,3,44,16,0.36,10,0.62,28,25,0.89,17,0.61,22,0.76,14,0.93,33,0.54,15,0.75,6,0.6,8,6,0.75,4,27,3.64
59,6140bffe4200008dd43825b3,Jaeda Daniel,Cassie Wooten,22,0,False,64,13,8,3,16,27,7,20,14,11,8,5,3,8,5,1,6,1,5,57,31,0.54,22,0.71,26,20,0.77,14,0.54,17,0.81,23,0.74,40,0.54,16,0.62,8,0.73,5,5,1.0,2,30,11.96
60,62150c434500004900cc8882,Jaeda Daniel,Ovunc,22,0,True,72,15,11,0,4,28,7,21,19,9,3,2,1,15,5,2,6,2,4,57,27,0.47,19,0.7,30,24,0.8,19,0.63,28,0.8,20,0.83,52,0.6,16,0.67,4,0.4,6,6,1.0,-9,21,9.0
61,6217adca42000032002ff9b1,Jaeda Daniel,Ma,22,0,True,33,14,5,2,1,40,14,26,23,13,1,0,1,3,0,1,9,5,4,46,20,0.43,13,0.65,26,17,0.65,8,0.31,17,0.85,15,0.79,16,0.32,10,0.5,7,0.44,4,2,0.5,-25,16,5.65
62,6218fb284200004a002ff9ee,Jaeda Daniel,Cameron Morra,22,0,True,77,32,15,2,17,47,16,31,28,14,23,13,10,14,7,3,15,5,10,78,30,0.38,16,0.53,48,33,0.69,19,0.4,41,0.75,21,0.72,40,0.37,24,0.67,13,0.54,5,4,0.8,2,52,6.15
63,5e24b0271b0000340e48c295,Lana Mavor,Scott,20,0,True,56,12,3,4,4,30,13,17,13,16,4,1,3,10,5,0,0,0,0,47,35,0.74,22,0.63,12,12,1.0,8,0.67,25,0.66,10,0.91,32,0.5,14,0.64,10,0.77,5,5,1.0,-14,16,16.38
64,5e2b29c41800001f7e6eb544,Lana Mavor,Zaccarias,20,0,True,42,10,1,4,3,23,12,11,10,13,2,0,2,8,3,0,4,3,1,44,31,0.7,17,0.55,13,10,0.77,7,0.54,21,0.95,11,1.0,27,0.54,11,0.55,4,0.44,5,4,0.8,-10,13,11.98
65,5e2b2f02180000b77e6eb54d,Lana Mavor,Rettich,20,0,True,71,15,3,9,7,20,9,11,9,11,13,9,4,12,7,1,2,0,2,65,44,0.68,27,0.61,21,19,0.9,8,0.38,29,0.81,22,0.92,41,0.51,22,0.67,8,0.57,6,5,0.83,2,23,18.28
66,5e3781f11e0000831de05812,Lana Mavor,Ribes,20,0,True,46,8,3,3,4,32,17,15,18,13,5,3,2,7,2,2,3,1,2,57,38,0.67,24,0.63,19,16,0.84,3,0.16,29,0.78,12,1.0,34,0.47,8,0.38,4,0.27,5,3,0.6,-20,14,16.0
67,5e5d9d001e0000d0809b3743,Lana Mavor,Gullickson,20,0,False,32,1,0,0,0,38,11,27,10,28,2,2,0,4,2,0,1,0,1,43,28,0.65,10,0.36,15,14,0.93,5,0.33,19,0.86,14,0.88,18,0.39,9,0.45,5,0.26,4,0,0.0,-37,1,6.51
68,6014330c420000dd575aebad,Lana Mavor,Delozire,21,0,True,37,9,6,2,7,13,4,9,3,9,2,2,0,7,4,0,1,0,1,29,16,0.55,12,0.75,13,12,0.92,8,0.62,16,0.8,5,1.0,24,0.67,7,0.58,6,1.0,5,5,1.0,3,16,6.62
69,6018328d420000d3d95aec2e,Lana Mavor,Poggi,21,0,True,53,12,4,5,0,19,3,16,6,12,0,0,0,10,5,2,2,1,1,33,25,0.76,23,0.92,8,6,0.75,5,0.62,29,1.0,12,1.0,37,0.71,15,0.75,1,0.33,7,7,1.0,-7,14,17.42
70,5e21fd2d21000021540175c1,Lexi Keberle,Larri,20,0,False,51,11,8,0,1,29,11,18,11,16,0,0,0,8,5,2,0,0,0,45,34,0.76,22,0.65,11,11,1.0,6,0.55,19,0.7,17,1.0,26,0.58,13,0.62,12,0.5,8,7,0.88,-17,14,16.62
71,5e21f67b2100007b530175be,Lexi Keberle,Dillon,20,0,False,59,12,8,2,7,19,7,12,6,13,2,1,1,10,5,0,0,0,0,43,27,0.63,18,0.67,16,16,1.0,12,0.75,27,0.9,10,0.83,36,0.69,14,0.74,9,0.53,8,7,0.88,0,19,11.3
72,5e2c5fe9180000b0b96eb57b,Lexi Keberle,Smirnova,20,0,False,48,2,1,0,7,4,1,3,2,2,10,6,4,8,6,0,0,0,0,37,23,0.62,13,0.57,14,14,1.0,11,0.79,18,0.82,14,0.93,37,0.66,9,0.6,2,0.33,3,3,1.0,5,9,8.08
73,5e2c63751800006dba6eb581,Lexi Keberle,Kezuka,20,0,False,62,12,8,3,14,15,6,9,11,3,7,2,5,9,7,0,1,0,1,52,42,0.81,25,0.6,10,9,0.9,4,0.4,33,0.89,10,0.83,28,0.52,25,0.71,9,0.56,9,5,0.56,11,26,20.19
74,5e361e911a0000c3e91ba499,Lexi Keberle,Zein,20,0,False,59,5,2,1,2,40,14,26,24,14,2,2,0,8,5,0,2,2,0,63,45,0.71,24,0.53,18,16,0.89,7,0.39,30,0.86,19,0.79,29,0.43,20,0.61,10,0.4,5,4,0.8,-33,7,17.14
75,5e37818f1e00007d1de05811,Lexi Keberle,Karvouni,20,0,True,57,21,16,2,2,15,5,10,10,3,1,0,1,6,4,0,2,1,1,48,28,0.58,24,0.86,20,18,0.9,11,0.55,30,0.97,9,1.0,22,0.65,16,0.55,19,0.73,9,8,0.89,8,23,14.0
76,5e5ae2281b00001be53e656e,Lexi Keberle,Anna Campana,20,0,False,29,3,2,1,1,25,10,15,12,13,7,4,3,4,2,0,2,2,0,43,35,0.81,14,0.4,8,6,0.75,1,0.12,24,0.83,9,0.9,20,0.43,5,0.26,4,0.24,4,1,0.25,-21,4,11.4
77,5e5d9d3e1e000011819b3744,Lexi Keberle,Munera,20,0,False,35,4,1,1,7,27,10,17,12,15,9,5,4,7,2,0,1,0,1,46,30,0.65,11,0.37,16,15,0.94,7,0.44,24,0.77,8,0.89,17,0.41,9,0.39,9,0.36,8,2,0.25,-16,11,7.17
78,6005a58d43000009078323fe,Lexi Keberle,O'dell,21,0,True,73,12,7,3,5,26,6,20,12,14,13,8,5,9,4,0,0,0,0,77,60,0.78,37,0.62,17,17,1.0,9,0.53,24,0.67,23,0.85,36,0.48,18,0.56,19,0.53,9,8,0.89,-9,17,28.83
79,6011ce58420000de0b5aeb86,Lexi Keberle,pozo,21,0,True,63,13,8,2,0,27,10,17,14,13,0,0,0,10,5,4,2,2,0,49,32,0.65,25,0.78,17,15,0.88,8,0.47,27,0.71,16,0.8,28,0.52,21,0.7,14,0.58,6,6,1.0,-14,17,16.33
80,601432d5420000de575aebac,Lexi Keberle,Culberson,21,0,True,37,10,7,2,5,15,4,11,5,10,3,1,2,5,4,0,1,1,0,29,20,0.69,15,0.75,9,8,0.89,5,0.56,11,0.79,9,0.9,22,0.61,9,0.69,6,0.75,5,5,1.0,0,15,10.34
81,6018325742000008da5aec2c,Lexi Keberle,Sevo,21,0,True,54,9,6,0,0,21,5,16,13,7,1,1,0,7,5,0,0,0,0,40,28,0.7,19,0.68,12,12,1.0,9,0.75,28,0.97,15,1.0,32,0.67,15,0.6,7,0.64,4,4,1.0,-12,9,13.3
82,6032c3bf420000fa2117d8d5,Lexi Keberle,Omeru,21,0,True,69,15,11,1,4,35,8,27,25,10,3,2,1,14,8,0,0,0,0,65,51,0.78,24,0.47,14,14,1.0,9,0.64,36,0.8,19,0.95,38,0.54,18,0.51,13,0.52,6,4,0.67,-16,19,18.83
83,6032e7b1420000fa2117d8e4,Lexi Keberle,Johanna Silva,21,0,True,56,14,6,0,2,19,10,9,11,8,1,0,1,8,6,0,0,0,0,48,38,0.79,23,0.61,10,10,1.0,6,0.6,28,0.85,10,0.83,22,0.56,13,0.54,21,0.7,4,3,0.75,-3,16,18.21
84,604f87c1430000336386b5c3,Lexi Keberle,Jain,21,0,False,71,15,14,1,0,46,21,25,27,19,0,0,0,14,8,2,3,1,2,65,48,0.74,28,0.58,17,14,0.82,5,0.29,50,0.91,8,1.0,25,0.61,17,0.45,29,0.56,6,4,0.67,-31,17,20.68
85,6058b35445000020a37c613d,Lexi Keberle,Lopez,21,0,True,58,8,3,2,9,17,6,11,10,7,6,5,1,4,2,3,0,0,0,54,40,0.74,29,0.72,14,14,1.0,8,0.57,27,0.77,12,0.8,36,0.56,12,0.46,10,0.5,5,5,1.0,0,20,21.48
86,6058b8f045000007a37c6148,Lexi Keberle,Erman,21,0,False,62,14,10,1,2,29,9,20,16,12,0,0,0,13,7,0,0,0,0,50,34,0.68,23,0.68,16,16,1.0,5,0.31,25,0.83,23,1.0,37,0.61,20,0.57,5,0.42,5,4,0.8,-13,16,15.64
87,605bb050440000f0048b7c10,Amelia Rajecki,Wilkins,21,0,False,57,11,9,0,6,33,9,24,23,9,1,1,0,14,6,3,4,2,2,50,27,0.54,16,0.59,23,19,0.83,13,0.57,30,0.86,15,0.79,30,0.47,17,0.59,10,0.77,5,4,0.8,-16,20,8.64
88,605bb052440000f0048b7c11,Abigail Rencheli,Dean,21,0,False,58,10,5,3,15,26,8,18,16,8,6,4,2,10,6,0,3,2,1,42,21,0.5,14,0.67,21,18,0.86,13,0.62,18,0.78,17,0.71,35,0.55,13,0.76,10,0.62,4,4,1.0,-1,25,7.0
89,605bb05344000093228b7c12,Lexi Keberle,Sawhney,21,0,False,59,13,9,2,1,25,7,18,12,13,1,1,0,15,5,1,3,3,0,49,34,0.69,20,0.59,15,13,0.87,8,0.53,17,0.77,22,0.92,32,0.59,19,0.58,8,0.5,5,4,0.8,-11,15,13.88
90,6070d394450000874efd24c6,Lexi Keberle,Sabina Richtrova,21,0,False,55,9,6,2,12,21,6,15,15,5,5,2,3,10,7,0,0,0,0,44,32,0.73,18,0.56,12,12,1.0,7,0.58,28,0.93,9,0.82,31,0.63,14,0.64,10,0.62,8,5,0.62,0,21,13.09
91,607392b9460000e9e320179b,Lexi Keberle,Munera,21,0,False,105,19,9,3,11,50,18,32,30,18,9,7,2,11,6,1,2,0,2,96,56,0.58,40,0.71,40,38,0.95,20,0.5,54,0.78,16,0.94,70,0.61,20,0.45,15,0.47,6,6,1.0,-20,31,23.33
92,611d1a62410000aa020b8128,Lexi Keberle,Cabezas,21,0,False,65,12,3,4,17,19,10,9,5,11,18,9,9,8,3,1,4,2,2,73,47,0.64,28,0.6,26,22,0.85,13,0.5,20,0.69,27,0.87,37,0.51,14,0.39,14,0.5,6,6,1.0,10,30,18.03
93,5e24867b1b0000170b48c284,Marta Gonzalez,Elizarras,20,0,False,34,10,4,1,7,40,9,31,18,18,11,7,4,3,1,3,5,0,5,52,25,0.48,13,0.52,27,22,0.81,9,0.33,31,0.86,3,0.5,14,0.33,6,0.27,14,0.48,5,3,0.6,-23,20,6.25
94,5e2b2fb2180000eb7e6eb54e,Marta Gonzalez,van ureden,20,0,False,59,10,5,0,9,24,12,12,12,10,17,5,12,7,4,3,1,0,1,62,28,0.45,14,0.5,34,33,0.97,20,0.59,36,0.9,8,0.8,36,0.51,12,0.44,11,0.58,4,3,0.75,-5,22,6.32
95,5e2c6179180000d5b96eb57e,Marta Gonzalez,Bowtell,20,0,False,39,3,1,2,7,21,8,13,11,10,17,7,10,3,1,1,4,1,3,55,28,0.51,15,0.54,27,23,0.85,10,0.37,15,0.79,12,0.57,31,0.45,5,0.24,3,0.3,9,4,0.44,-11,11,7.64
96,5e2c65b6180000d6ba6eb585,Marta Gonzalez,Budin,20,0,False,70,21,12,0,5,29,10,19,20,7,8,2,6,12,6,3,5,1,4,60,31,0.52,21,0.68,29,24,0.83,13,0.45,41,0.8,10,1.0,38,0.58,20,0.51,12,0.6,10,7,0.7,-3,29,10.85
97,5c5631df1e00006c711f565f,Alana Smith,Nell Miller,19,0,False,59,10,4,1,4,38,19,19,16,17,3,3,0,8,5,1,2,1,1,53,27,0.51,17,0.63,26,24,0.92,17,0.65,25,0.89,15,0.75,36,0.63,16,0.44,7,0.44,6,6,1.0,-24,15,8.66
98,5c58c0e52100005224e8a474,Alana Smith,Nicoara,19,0,True,57,16,7,0,5,22,11,11,12,9,2,2,0,8,5,3,0,0,0,38,21,0.55,17,0.81,17,17,1.0,13,0.76,37,0.86,7,0.78,35,0.61,17,0.71,5,0.42,4,4,1.0,-1,24,9.39
99,5c6b0e911900001e2f41548b,Alana Smith,Tattini,19,0,True,56,19,12,4,2,25,13,12,7,16,6,4,2,11,5,2,3,1,2,44,25,0.57,18,0.72,19,16,0.84,10,0.53,22,0.71,18,0.9,37,0.56,17,0.61,2,0.67,4,4,1.0,-4,23,10.23
100,5c79507f19000041488520e2,Alana Smith,Daavetelia,19,0,True,66,24,11,6,2,51,24,27,30,18,1,0,1,11,4,4,1,1,0,63,41,0.65,26,0.63,22,21,0.95,9,0.41,41,0.82,15,0.79,42,0.54,16,0.44,8,0.4,4,3,0.75,-25,30,16.92
101,5c7c8539270000c6130271cc,Alana Smith,Jovic,19,0,True,58,12,5,5,0,18,10,8,14,3,3,2,1,14,5,5,2,2,0,52,29,0.56,20,0.69,23,21,0.91,12,0.52,21,0.81,12,0.86,52,0.63,4,0.4,2,0.5,9,7,0.78,-6,17,11.15
102,5c880ac51f00002d00c49036,Alana Smith,Navarro,19,0,True,58,14,9,2,1,25,10,15,10,13,0,0,0,13,5,2,1,0,1,41,21,0.51,18,0.86,20,19,0.95,13,0.65,31,0.89,8,1.0,39,0.65,16,0.64,3,0.6,5,5,1.0,-10,17,9.22
103,5c8810da1f00004502c49042,Alana Smith,earnhard,19,0,True,53,19,4,3,7,23,10,13,10,7,0,0,0,10,6,1,3,2,1,39,27,0.69,21,0.78,12,9,0.75,5,0.42,26,0.84,9,1.0,30,0.65,14,0.61,9,0.64,7,6,0.86,3,27,14.54
104,5c968d381c00006c8ddfe711,Alana Smith,Achong,19,0,False,96,26,10,4,25,50,25,25,23,18,11,7,4,11,8,4,4,0,4,90,52,0.58,31,0.6,38,34,0.89,21,0.55,49,0.86,25,0.78,53,0.5,26,0.49,17,0.74,11,8,0.73,1,55,17.91
105,5c9820621d00004621f8829d,Alana Smith,Kozar,19,0,False,81,26,17,4,0,42,17,25,22,14,0,0,0,14,6,5,2,0,2,67,35,0.52,26,0.74,32,30,0.94,15,0.47,41,0.87,15,0.79,50,0.62,16,0.47,15,0.6,6,5,0.83,-16,31,13.58
106,5cb0a1551900000c64ffc6ff,Alana Smith,Soloeva,19,0,False,70,19,9,2,0,58,25,33,38,14,0,0,0,8,3,0,1,1,0,70,45,0.64,25,0.56,25,24,0.96,15,0.6,48,0.86,11,0.79,34,0.52,20,0.44,16,0.5,7,5,0.71,-39,19,16.07
107,5cb09f7d190000ae63ffc6fb,Alana Smith,Salas,19,0,False,114,23,13,4,0,77,35,42,48,23,0,0,0,17,6,6,4,1,3,115,68,0.59,40,0.59,47,43,0.91,21,0.45,46,0.79,36,0.8,78,0.51,26,0.46,10,0.5,12,8,0.67,-54,29,23.65
108,5cd4c995230000aa3df5ee8e,Alana Smith,rasmussen,19,0,False,60,6,2,2,3,17,8,9,8,8,4,4,0,10,4,1,4,1,3,50,25,0.5,20,0.8,25,21,0.84,15,0.6,17,0.63,16,0.76,50,0.61,6,0.5,4,0.5,5,5,1.0,-8,10,10.0
109,5d9415ca1800005a5dcaa8f5,Alana Smith,wolfberg,20,0,False,73,15,8,3,27,22,10,12,9,12,17,13,4,14,7,2,4,4,0,59,34,0.58,23,0.68,25,21,0.84,11,0.44,39,0.75,14,0.78,50,0.53,16,0.55,7,0.78,5,4,0.8,20,44,13.25
110,5d93b0b2180000cc4fcaa8e8,Alana Smith,mattel,20,0,False,70,12,8,2,8,38,18,20,20,13,5,4,1,12,5,4,6,2,4,66,36,0.55,23,0.64,30,24,0.8,11,0.37,33,0.82,26,0.9,49,0.54,14,0.42,7,0.47,8,5,0.62,-18,24,12.55
111,5d941a86180000195ecaa8f9,Alana Smith,boulais,20,0,False,67,11,6,2,3,40,26,14,22,18,1,1,0,9,5,5,1,1,0,65,36,0.55,25,0.69,29,28,0.97,16,0.55,39,0.85,7,0.5,46,0.56,11,0.41,10,0.59,4,4,1.0,-26,19,13.85
112,5d94a0c22100000b07a34457,Alana Smith,emma,20,0,False,61,15,7,4,13,18,10,8,11,6,10,6,4,10,6,5,3,1,2,56,28,0.5,17,0.61,28,25,0.89,14,0.5,21,0.68,21,0.91,35,0.5,17,0.61,9,0.75,6,6,1.0,10,33,8.5
113,5d976b0d210000765ba3449a,Alana Smith,adriana reami,20,0,False,58,20,8,3,6,32,17,15,22,10,4,2,2,6,4,0,0,0,0,50,23,0.46,14,0.61,27,27,1.0,21,0.78,20,0.67,17,0.89,32,0.54,18,0.56,8,0.89,9,8,0.89,-6,26,6.44
114,5e24b2861b00005d0e48c299,Alana Smith,Safont,20,0,True,51,10,4,4,19,15,8,7,12,2,11,6,5,10,6,5,2,2,0,39,24,0.62,20,0.83,15,13,0.87,4,0.27,23,0.82,12,0.86,34,0.61,14,0.58,3,0.75,7,6,0.86,14,34,12.31
115,5e21f53f2100005c530175bc,Alana Smith,Adams,20,0,False,56,10,4,3,7,18,13,5,10,8,3,0,3,7,4,2,0,0,0,42,23,0.55,17,0.74,19,19,1.0,15,0.79,24,0.89,11,1.0,45,0.74,6,0.4,5,0.42,5,5,1.0,-1,19,9.31
116,5e21fca621000012540175c0,Alana Smith,Bakhodirova,20,0,False,55,9,8,0,2,26,12,14,15,7,2,2,0,7,5,7,2,1,1,49,28,0.57,19,0.68,21,19,0.9,12,0.57,30,0.94,5,0.62,38,0.6,12,0.57,5,0.56,4,4,1.0,-15,18,10.86
117,5e250c4f1b0000f41d48c2ab,Alana Smith,Horvit,20,0,True,86,21,10,5,22,26,12,14,14,10,21,15,6,11,4,9,2,0,2,78,48,0.62,41,0.85,30,28,0.93,15,0.5,40,0.74,17,0.85,52,0.57,30,0.53,4,0.31,11,10,0.91,17,52,25.23
118,5e3780581e0000561de0580e,Alana Smith,Smagina,20,0,True,67,22,10,5,16,25,14,11,13,9,15,11,4,9,5,1,2,2,0,70,42,0.6,23,0.55,28,26,0.93,15,0.54,39,0.78,12,0.86,43,0.5,20,0.53,4,0.33,6,5,0.83,13,39,13.8
119,5e373fd71e0000ab16e057fc,Alana Smith,Kessler,20,0,False,61,13,10,2,1,48,22,26,32,13,1,1,0,9,4,2,1,0,1,64,34,0.53,22,0.65,30,29,0.97,17,0.57,32,0.89,15,0.79,38,0.58,12,0.39,11,0.42,10,7,0.7,-34,16,11.69
120,5e5af45b1b00009ee83e6572,Alana Smith,Campana,20,0,False,64,16,5,8,1,33,19,14,14,18,10,5,5,8,3,1,3,1,2,69,38,0.55,20,0.53,31,28,0.9,17,0.55,37,0.86,14,0.88,49,0.52,13,0.43,2,0.4,6,5,0.83,-16,18,11.01
121,5e5d9bba1e00009f809b3740,Alana Smith,Subhash,20,0,False,86,28,7,9,9,57,29,28,32,22,7,3,4,11,5,3,0,0,0,84,45,0.54,28,0.62,39,39,1.0,19,0.49,52,0.88,24,0.92,46,0.51,20,0.49,20,0.49,6,6,1.0,-20,40,15.0
122,6005a7704300008589832403,Alana Smith,Johansen,21,0,True,75,17,10,4,5,41,26,15,17,19,10,9,1,9,7,5,2,2,0,76,50,0.66,27,0.54,26,24,0.92,14,0.54,32,0.86,14,0.78,54,0.59,16,0.41,5,0.5,9,6,0.67,-19,27,17.76
123,6011d0eb420000d40c5aeb8c,Alana Smith,Byrne,21,0,True,56,20,8,2,8,24,12,12,12,11,9,2,7,4,4,3,4,3,1,53,34,0.64,25,0.74,19,15,0.79,8,0.42,27,0.84,15,1.0,39,0.67,11,0.42,6,0.33,5,5,1.0,4,31,16.04
124,601434ac420000d1575aebb2,Alana Smith,Stolmar,21,0,True,57,14,8,4,0,27,17,10,6,21,1,1,0,9,6,3,4,3,1,52,29,0.56,20,0.69,23,19,0.83,10,0.43,21,0.81,12,1.0,38,0.61,14,0.56,5,0.62,5,5,1.0,-13,17,11.15
125,6032c2ec420000fa2117d8d0,Alana Smith,Anna Campana,21,0,True,73,8,2,3,2,28,16,12,14,13,9,7,2,10,6,4,2,1,1,73,36,0.49,24,0.67,37,35,0.95,20,0.54,32,0.8,22,0.85,56,0.55,10,0.4,7,0.54,10,7,0.7,-18,14,11.84
126,60330c0542000012b817d8e8,Alana Smith,Carly Briggs,21,0,True,53,12,9,0,5,25,12,13,12,10,3,2,1,5,5,4,3,1,2,48,33,0.69,22,0.67,15,12,0.8,9,0.6,19,0.86,14,0.78,27,0.57,20,0.67,6,0.55,8,7,0.88,-8,21,15.12
127,6058b177450000a7a37c6139,Alana Smith,Kylie Wilcox,21,0,True,88,14,9,5,0,46,29,17,21,23,1,1,0,12,5,13,4,2,2,81,49,0.6,35,0.71,32,28,0.88,16,0.5,29,0.71,25,0.74,69,0.59,17,0.4,2,0.29,10,9,0.9,-32,27,21.17
128,6058b539450000ada37c6143,Alana Smith,Yusupova,21,0,False,81,22,12,7,0,50,27,23,28,21,0,0,0,10,3,8,5,3,2,75,43,0.57,34,0.79,32,27,0.84,17,0.53,42,0.81,16,0.7,49,0.56,20,0.51,12,0.46,12,11,0.92,-28,30,19.49
129,605bb05544000093228b7c13,Jaeda Daniel,Safont,21,0,False,53,16,7,3,9,22,4,18,14,7,8,4,4,7,6,1,6,3,3,43,24,0.56,15,0.62,19,13,0.68,9,0.47,30,1.0,8,0.73,32,0.59,11,0.58,10,0.56,4,3,0.75,3,26,8.37
130,605bb0574400002a058b7c14,Alana Smith,Maquet,21,0,False,60,17,6,8,0,26,13,13,15,9,0,0,0,7,5,5,5,2,3,51,29,0.57,21,0.72,22,17,0.77,12,0.55,18,0.95,23,0.79,36,0.56,18,0.64,6,0.55,9,7,0.78,-9,22,11.94
131,6070d1b7450000c52cfd24c2,Alana Smith,Nika Kozar,21,0,False,53,17,8,2,11,22,10,12,10,11,2,2,0,6,5,4,0,0,0,43,22,0.51,19,0.86,21,21,1.0,12,0.57,20,0.77,7,0.78,30,0.59,18,0.9,5,0.5,4,4,1.0,6,32,9.72
132,607392b246000048e5201797,Alana Smith,Subhash,21,0,False,76,26,13,11,0,64,30,34,33,28,0,0,0,12,5,4,5,2,3,77,41,0.53,27,0.66,36,31,0.86,14,0.39,44,0.85,19,0.9,46,0.51,20,0.47,10,0.45,10,7,0.7,-38,30,14.38
133,610c369d3f0000d84fafd466,Alana Smith,tutunaru,21,0,True,62,9,4,1,13,11,5,6,6,5,13,5,8,8,4,5,1,1,0,45,27,0.6,22,0.81,18,17,0.94,14,0.78,31,0.82,5,0.83,47,0.73,10,0.43,5,0.71,6,6,1.0,11,27,13.2
134,611d187c4100001d020b8124,Alana Smith,Cancini,21,0,False,53,12,2,2,16,15,8,7,6,8,10,4,6,8,4,4,2,0,2,43,27,0.63,21,0.78,16,14,0.88,11,0.69,23,1.0,10,0.62,37,0.62,14,0.67,2,0.5,8,8,1.0,13,32,13.19
135,5c58c332210000ad24e8a478,Dylan Cannon,Pons,19,0,True,48,11,6,2,2,20,7,13,13,7,2,2,0,7,7,3,4,1,3,35,17,0.49,11,0.65,18,14,0.78,9,0.5,20,0.77,12,1.0,30,0.61,15,0.79,3,0.38,6,5,0.83,-7,16,5.34
136,5e2b2a33180000207e6eb545,Dylan Cannon,Angelsjo,20,0,True,30,2,0,0,7,17,10,7,11,6,7,2,5,2,2,0,2,1,1,32,23,0.72,12,0.52,9,7,0.78,3,0.33,19,0.9,2,0.29,16,0.43,11,0.55,3,0.75,6,3,0.5,-8,9,8.62
137,5e2c64f7180000b3ba6eb584,Dylan Cannon,El Jardi,20,0,False,59,13,5,3,8,9,7,2,7,2,17,9,8,8,6,1,3,0,3,53,35,0.66,23,0.66,18,15,0.83,8,0.44,22,0.73,9,0.75,46,0.6,11,0.61,2,0.67,9,6,0.67,12,22,15.19
138,5e2c61d918000034ba6eb57f,Dylan Cannon,Budin,20,0,False,104,25,14,3,8,65,22,43,50,13,14,10,4,17,8,3,9,3,6,111,60,0.54,35,0.58,51,42,0.82,23,0.45,60,0.8,16,0.64,62,0.46,29,0.52,13,0.52,12,9,0.75,-32,36,18.92
139,5c58c2432100008d24e8a476,Liz Norman,Ramon,19,0,True,56,13,10,1,5,24,6,18,15,8,1,1,0,7,5,4,0,0,0,47,22,0.47,14,0.64,25,25,1.0,16,0.64,20,0.83,13,0.93,40,0.62,12,0.63,4,0.8,8,7,0.88,-6,22,6.55
140,5c56484d1e0000ed721f5662,Liz Norman,Bridgeforth,19,0,False,66,19,8,5,6,42,9,33,24,14,6,3,3,12,8,1,4,2,2,60,29,0.48,17,0.59,31,27,0.87,11,0.35,38,0.93,21,1.0,36,0.6,13,0.37,17,0.53,10,5,0.5,-17,26,8.22
141,5c6b150c190000c82f415494,Liz Norman,Voloh,19,0,True,57,3,3,0,9,31,8,23,21,5,2,1,1,7,4,0,2,1,1,49,25,0.51,17,0.68,24,22,0.92,14,0.58,19,0.83,14,0.78,33,0.59,14,0.52,10,0.83,5,4,0.8,-19,12,8.67
142,5c6b105c1900004e2f41548d,Liz Norman,Hung,19,0,True,54,15,10,0,2,21,5,16,14,6,1,1,0,7,5,3,0,0,0,43,21,0.49,15,0.71,22,22,1.0,14,0.64,19,0.79,11,0.79,39,0.67,12,0.55,3,0.6,4,4,1.0,-4,20,7.33
143,5c79517419000059488520e4,Liz Norman,Mora,19,0,True,32,12,6,4,3,39,12,27,26,13,2,2,0,5,2,0,2,0,2,42,20,0.48,7,0.35,22,20,0.91,7,0.32,32,0.84,8,0.89,16,0.32,10,0.43,6,0.38,5,2,0.4,-24,15,3.33
144,5c7c8eed2700006a140271d5,Liz Norman,Neely,19,0,True,73,5,3,1,1,39,21,18,24,14,5,3,2,8,2,3,6,2,4,74,25,0.34,21,0.84,49,43,0.88,23,0.47,29,0.66,21,0.75,51,0.47,15,0.5,7,0.54,6,6,1.0,-33,9,7.09
145,5c7e98ed270000476f027224,Liz Norman,Waldron,19,0,True,77,15,10,3,0,44,17,27,32,11,0,0,0,14,5,2,2,1,1,67,46,0.69,31,0.67,21,19,0.9,10,0.48,52,0.9,16,0.89,40,0.62,17,0.36,20,0.61,9,7,0.78,-29,17,21.28
146,5c880ce71f0000be00c49038,Liz Norman,Miller,19,0,True,56,7,3,1,3,28,8,20,11,16,3,1,2,11,4,0,6,3,3,58,26,0.45,17,0.65,32,26,0.81,14,0.44,14,0.58,19,0.83,37,0.48,10,0.48,9,0.69,5,5,1.0,-18,10,7.62
147,5c981f291d00000921f8829c,Liz Norman,Sorkin,19,0,False,53,11,8,2,1,24,8,16,16,7,0,0,0,5,4,0,2,0,2,47,20,0.43,14,0.7,27,25,0.93,20,0.74,24,0.96,9,0.82,22,0.63,16,0.62,15,0.62,9,8,0.89,-12,12,5.96
148,5c968eb21c0000868ddfe713,Liz Norman,Shirikova,19,0,False,70,23,17,1,12,43,11,32,31,10,23,11,12,8,3,0,2,1,1,73,38,0.52,24,0.63,35,33,0.94,16,0.46,44,0.88,25,0.96,41,0.48,21,0.45,8,0.44,5,5,1.0,-8,35,12.49
149,5cb0a44b190000cb64ffc701,Liz Norman,Santos,19,0,False,49,8,6,1,8,38,10,28,25,12,6,4,2,13,4,0,2,1,1,52,36,0.69,13,0.36,16,14,0.88,7,0.44,36,0.86,14,0.88,35,0.48,10,0.31,4,0.4,5,4,0.8,-22,16,9.0
150,5cb0a031190000a463ffc6fc,Liz Norman,Das,19,0,False,27,9,4,1,4,33,12,21,18,11,9,1,8,6,1,0,3,1,2,40,28,0.7,8,0.29,12,9,0.75,5,0.42,20,0.77,9,0.9,17,0.36,5,0.23,5,0.45,7,1,0.14,-20,13,5.6
151,5cd4cb0b230000dd3df5ee90,Liz Norman,Yano,19,0,False,75,15,11,4,0,52,15,37,35,14,0,0,0,12,6,3,7,3,4,70,36,0.51,22,0.61,34,27,0.79,14,0.41,50,0.89,13,0.93,38,0.54,12,0.35,25,0.62,5,4,0.8,-37,18,11.31
152,5e24b3eb1b0000810e48c29a,Liz Norman,Imperato,20,0,True,51,16,10,3,4,16,6,10,7,8,1,1,0,8,5,3,1,0,1,36,20,0.56,18,0.9,16,15,0.94,12,0.75,19,0.9,6,0.75,30,0.7,15,0.71,6,0.75,8,7,0.88,4,23,10.0
153,5e2b290a180000d57d6eb543,Liz Norman,Mccay,20,0,True,61,10,3,2,10,16,5,11,9,6,11,5,6,8,5,7,0,0,0,49,23,0.47,16,0.7,26,26,1.0,17,0.65,25,0.83,12,0.86,39,0.65,16,0.64,6,0.43,6,6,1.0,4,27,7.51
154,5e2b2e3a180000b37e6eb54c,Liz Norman,Tanik,20,0,True,55,14,10,3,13,12,1,11,3,7,9,3,6,14,6,3,5,2,3,48,19,0.4,14,0.74,29,24,0.83,15,0.52,14,0.67,23,0.96,45,0.62,6,0.5,4,0.44,4,4,1.0,15,30,5.54
155,5e2c64771800008fba6eb583,Liz Norman,Hsieh,20,0,False,59,5,2,1,5,32,12,20,18,12,3,2,1,17,7,0,6,3,3,54,31,0.57,17,0.55,23,17,0.74,8,0.35,29,0.85,13,1.0,45,0.58,9,0.53,5,0.42,5,4,0.8,-22,10,9.76
156,5e2c60db180000d5b96eb57d,Liz Norman,Huang,20,0,False,60,12,5,1,10,24,10,14,13,10,20,7,13,14,4,0,1,0,1,60,36,0.6,20,0.56,24,23,0.96,10,0.42,30,0.86,18,0.86,32,0.51,20,0.51,8,0.38,5,4,0.8,-2,22,12.0
157,5e3620061a0000dce91ba49a,Liz Norman,Berlin,20,0,False,62,3,2,0,8,31,5,26,15,13,6,3,3,15,7,2,4,0,4,59,26,0.44,16,0.62,33,29,0.88,12,0.36,31,0.91,14,1.0,32,0.65,13,0.52,17,0.46,10,5,0.5,-20,13,7.05
158,601832bc42000006da5aec2f,Liz Norman,Angelsjo,21,0,True,56,8,3,0,0,25,4,21,18,7,0,0,0,11,6,5,2,1,1,43,24,0.56,17,0.71,19,17,0.89,10,0.53,29,0.91,11,0.85,35,0.62,15,0.68,6,0.55,4,4,1.0,-17,13,9.49
159,5c469405170000344ebe45bc,Amanda Rebol,Elizarraras,19,0,False,78,25,4,5,12,30,18,12,10,13,7,3,4,14,9,0,6,1,5,69,48,0.7,28,0.58,21,15,0.71,7,0.33,48,0.98,9,1.0,24,0.52,32,0.74,22,0.51,8,4,0.5,7,37,19.48
160,5c473c82210000ec15d0e7ba,Amanda Rebol,Paladini,19,0,False,54,6,0,1,1,33,14,19,18,12,1,1,0,8,4,0,6,3,3,53,35,0.66,19,0.54,18,12,0.67,6,0.33,27,0.9,21,0.95,23,0.44,13,0.45,18,0.62,5,4,0.8,-26,7,12.55
161,5c56539e1e0000b4731f5665,Amanda Rebol,Peet,19,0,False,68,3,1,1,0,29,10,19,11,18,0,0,0,10,5,0,13,10,3,73,45,0.62,29,0.64,28,15,0.54,5,0.18,44,0.88,16,0.89,43,0.5,19,0.46,6,0.29,6,4,0.67,-26,3,17.88
162,5c6b113f1900005e2f41548f,Amanda Rebol,Heimuli,19,0,True,74,7,2,4,3,43,21,22,16,26,3,2,1,8,6,0,6,2,4,78,55,0.71,36,0.65,23,17,0.74,9,0.39,29,0.71,15,0.65,48,0.51,21,0.54,5,0.38,11,7,0.64,-33,10,25.38
163,5c6b159f190000b62f415495,Amanda Rebol,Petersen,19,0,True,35,2,1,0,0,35,16,19,14,18,1,1,0,8,1,0,4,2,2,46,31,0.67,15,0.48,15,11,0.73,3,0.2,19,0.83,11,0.85,14,0.35,12,0.5,9,0.41,8,2,0.25,-33,2,10.11
164,5c7952691900006a488520e6,Amanda Rebol,Pizer,19,0,True,65,20,8,4,8,27,15,12,12,11,2,1,1,6,2,0,2,0,2,58,43,0.74,32,0.74,15,13,0.87,7,0.47,30,0.83,18,0.9,25,0.51,23,0.64,17,0.57,9,7,0.78,1,28,23.72
165,5c7d33bf270000cf280271d9,Amanda Rebol,Wong,19,0,True,59,16,3,2,0,16,10,6,7,8,0,0,0,8,6,0,5,4,1,53,35,0.66,21,0.6,18,13,0.72,10,0.56,27,1.0,14,1.0,21,0.58,26,0.72,12,0.5,9,6,0.67,0,16,13.87
166,5c880db61f0000e500c4903a,Amanda Rebol,Marti,19,0,True,74,24,9,5,2,46,18,28,24,15,1,0,1,15,7,0,4,2,2,60,44,0.73,26,0.59,16,12,0.75,8,0.5,41,0.91,21,0.81,30,0.54,28,0.58,16,0.53,10,6,0.6,-20,26,19.07
167,5c8812291f0000a302c49045,Amanda Rebol,Morse,19,0,True,55,14,1,3,4,19,11,8,8,11,0,0,0,10,7,0,4,2,2,43,31,0.72,20,0.65,12,8,0.67,4,0.33,36,0.9,6,1.0,17,0.49,24,0.8,14,0.58,7,5,0.71,-1,18,14.42
168,5c9690211c0000988ddfe715,Amanda Rebol,Madcur,19,0,False,67,15,4,6,0,39,14,25,10,24,0,0,0,10,6,0,9,4,5,65,39,0.6,23,0.59,26,17,0.65,9,0.35,47,0.94,13,0.81,21,0.49,15,0.54,31,0.51,11,6,0.55,-24,15,13.8
169,5c98211f1d00003321f8829e,Amanda Rebol,Disenbergen,19,0,False,56,9,5,2,0,18,6,12,8,10,0,0,0,12,6,2,8,2,6,40,24,0.6,21,0.88,16,8,0.5,6,0.38,31,0.79,9,1.0,35,0.59,11,0.65,10,0.67,4,4,1.0,-9,11,12.6
170,5cb0a086190000da63ffc6fd,Amanda Rebol,Garcia,19,0,False,31,8,3,2,0,31,15,16,16,13,0,0,0,8,3,0,5,3,2,41,29,0.71,10,0.34,12,7,0.58,2,0.17,24,0.96,15,0.88,13,0.34,8,0.35,10,0.43,8,1,0.12,-23,8,7.07
171,5cd4cc56230000303ef5ee92,Amanda Rebol,ifidzhen,19,0,False,79,15,5,4,7,7,4,3,2,3,12,5,7,14,8,2,7,3,4,73,50,0.68,32,0.64,23,16,0.7,8,0.35,45,0.92,14,0.93,50,0.55,19,0.48,10,0.67,8,8,1.0,15,24,21.92
172,5c6b162e190000f82f415496,Claudia Wiktorin,Balasch,19,0,True,69,7,3,0,13,24,7,17,20,1,13,9,4,14,6,0,6,2,4,69,49,0.71,29,0.59,20,14,0.7,7,0.35,43,0.9,11,0.92,33,0.48,26,0.68,10,0.4,6,6,1.0,-4,20,20.59
173,5c8812911f0000f201c49046,Claudia Wiktorin,Swope,19,0,True,66,15,10,1,0,22,11,11,13,9,1,1,0,11,5,9,2,1,1,55,40,0.73,29,0.72,15,13,0.87,7,0.47,40,0.91,10,0.91,42,0.59,18,0.64,6,0.46,6,5,0.83,-7,24,21.09
174,5c473b72210000da15d0e7b9,Bianca Moldovan,rettich,19,0,False,56,19,6,7,1,11,0,11,3,7,1,1,0,10,7,1,0,0,0,35,26,0.74,21,0.81,9,9,1.0,5,0.56,28,0.82,12,1.0,27,0.68,26,0.72,3,0.5,4,4,1.0,9,21,15.6
175,5c564df41e000023731f5663,Bianca Moldovan,Sella,19,0,False,65,19,4,7,0,28,6,22,17,9,0,0,0,11,6,1,4,2,2,57,36,0.63,26,0.72,21,17,0.81,9,0.43,36,0.92,12,1.0,31,0.57,18,0.6,16,0.62,6,5,0.83,-9,20,16.42
176,5c58c2c22100008d24e8a477,Bianca Moldovan,Boada,19,0,True,54,11,5,2,10,16,3,13,7,6,3,0,3,11,6,2,3,2,1,39,24,0.62,20,0.83,15,12,0.8,7,0.47,23,0.88,14,1.0,31,0.7,13,0.57,10,0.71,4,4,1.0,5,23,12.31
177,5c6b10d0190000562f41548e,Bianca Moldovan,Hekking,19,0,True,60,14,5,5,5,27,9,18,13,12,4,3,1,12,5,5,3,2,1,54,30,0.56,23,0.77,24,21,0.88,9,0.38,31,0.86,15,1.0,36,0.57,13,0.42,11,0.73,5,5,1.0,-8,24,12.78
178,5c7951d819000063488520e5,Bianca Moldovan,Aney,19,0,True,76,24,4,6,3,48,18,30,28,16,6,3,3,11,4,3,2,0,2,69,49,0.71,36,0.73,20,18,0.9,8,0.4,33,0.7,30,0.94,48,0.53,17,0.49,11,0.46,10,8,0.8,-21,30,25.57
179,5c7d2b90270000cd270271d8,Bianca Moldovan,Hamlin,19,0,True,70,14,6,3,1,38,15,23,26,9,3,2,1,3,2,7,2,1,1,68,43,0.63,31,0.72,25,23,0.92,16,0.64,26,0.67,14,0.74,56,0.56,12,0.44,2,0.33,11,9,0.82,-23,22,19.6
180,5c8811711f00008102c49044,Bianca Moldovan,Daniel,19,0,True,59,8,2,2,4,27,10,17,13,11,0,0,0,13,6,5,2,0,2,44,24,0.55,20,0.83,20,18,0.9,9,0.45,24,0.77,17,1.0,39,0.65,10,0.56,10,0.62,4,4,1.0,-15,17,10.91
181,5c880d501f00002301c49039,Bianca Moldovan,Angylosy,19,0,True,56,9,5,3,7,24,6,18,13,11,3,1,2,10,6,2,2,1,1,46,22,0.48,17,0.77,24,22,0.92,12,0.5,33,0.97,8,0.73,38,0.67,8,0.47,10,0.59,8,6,0.75,-8,18,8.13
182,5c981d681d0000a420f8829b,Bianca Moldovan,Gillas,19,0,False,47,8,1,4,0,43,16,27,24,18,0,0,0,7,1,2,2,0,2,50,26,0.52,17,0.65,24,22,0.92,9,0.38,36,0.88,10,0.91,32,0.48,9,0.33,6,0.46,5,4,0.8,-35,10,8.84
183,5cd4cc0d230000313ef5ee91,Bianca Moldovan,witmus,19,0,False,50,7,1,2,0,17,7,10,7,8,0,0,0,8,6,3,0,0,0,40,24,0.6,15,0.62,16,16,1.0,11,0.69,22,1.0,10,1.0,31,0.74,9,0.5,10,0.67,4,4,1.0,-10,10,9.0
184,5c4739082100009d15d0e7b6,Anna Rogers,Hofbauer,19,0,False,58,13,5,2,0,30,15,15,16,12,0,0,0,10,5,1,1,0,1,46,34,0.74,24,0.71,12,11,0.92,7,0.58,29,0.83,14,0.82,41,0.67,11,0.48,6,0.4,8,7,0.88,-17,14,17.74
185,5c4734c82100004815d0e7b4,Anna Rogers,Bakhodirova,19,0,False,82,26,9,6,8,46,23,23,24,20,7,5,2,13,9,3,4,2,2,80,49,0.61,28,0.57,31,27,0.87,14,0.45,50,0.91,12,0.86,33,0.47,29,0.59,20,0.59,6,5,0.83,-12,37,17.15
186,5c562aac1e0000a1701f565e,Anna Rogers,Maltby,19,0,False,87,18,7,5,3,57,20,37,27,29,2,2,0,9,6,3,5,1,4,84,47,0.56,33,0.7,37,32,0.86,16,0.43,44,0.88,22,0.88,49,0.55,20,0.47,18,0.56,10,6,0.6,-36,24,18.46
187,5c58c0a82100003a24e8a473,Anna Rogers,Castillo,19,0,True,48,13,8,4,3,11,6,5,9,2,0,0,0,6,6,4,0,0,0,29,19,0.66,17,0.89,10,10,1.0,7,0.7,10,0.77,12,1.0,33,0.8,9,0.75,6,1.0,3,3,1.0,5,20,11.14
188,5c69a8001d0000520f99d5b2,Anna Rogers,Chisholm,19,0,True,70,19,3,1,5,43,22,21,13,22,11,6,5,10,4,1,6,3,3,77,41,0.53,29,0.71,36,30,0.83,14,0.39,38,0.86,20,0.77,43,0.47,17,0.45,10,0.56,10,6,0.6,-19,25,15.44
189,5c794e7f190000fb478520e1,Anna Rogers,Jones,19,0,True,93,18,6,3,4,65,21,44,26,36,3,2,1,15,7,3,5,4,1,93,55,0.59,29,0.53,38,33,0.87,19,0.5,62,0.93,18,0.75,44,0.47,32,0.5,17,0.52,10,5,0.5,-43,25,17.15
190,5c7c817f270000ad130271c8,Anna Rogers,suswan,19,0,True,56,10,2,3,3,20,12,8,11,9,1,1,0,7,4,4,1,0,1,42,28,0.67,21,0.75,14,13,0.93,11,0.79,17,0.71,14,0.88,43,0.63,11,0.73,2,0.67,8,8,1.0,-7,17,14.0
191,5c880a771f00003700c49035,Anna Rogers,leduc,19,0,True,52,5,2,3,3,18,11,7,13,5,2,2,0,5,4,5,1,1,0,42,21,0.5,16,0.76,21,20,0.95,16,0.76,17,0.94,14,0.74,41,0.69,5,0.31,6,0.86,4,4,1.0,-10,13,8.0
192,5c88105c1f00002a02c49041,Anna Rogers,Sevo,19,0,True,52,16,5,1,12,16,9,7,7,8,7,4,3,7,5,2,2,0,2,41,20,0.49,16,0.8,21,19,0.9,13,0.62,22,0.85,9,1.0,25,0.62,13,0.65,14,0.74,4,4,1.0,12,30,7.8
193,5c980a4f1d0000c11df88296,Anna Rogers,Novotna,19,0,False,39,4,2,1,7,15,5,10,8,7,2,2,0,5,3,2,1,0,1,39,27,0.69,16,0.59,12,11,0.92,8,0.67,15,0.83,7,1.0,27,0.64,7,0.47,5,0.5,6,6,1.0,-4,13,11.08
194,5c968c481c00004e8ddfe710,Anna Rogers,sonnariba,19,0,False,93,25,10,4,22,59,27,32,39,17,18,6,12,13,4,3,8,4,4,101,58,0.57,41,0.71,43,35,0.81,18,0.42,45,0.76,17,0.81,45,0.51,20,0.48,28,0.52,11,10,0.91,-12,50,23.54
195,5cd4c83f230000543df5ee8d,Anna Rogers,delgado,19,0,False,36,6,1,0,1,48,22,26,18,26,1,0,1,3,2,3,0,0,0,52,33,0.63,15,0.45,19,19,1.0,6,0.32,25,0.83,10,0.77,21,0.42,5,0.21,10,0.43,9,3,0.33,-41,10,9.52
196,5d9414e61800002a5dcaa8f3,Anna Rogers,Ito,20,0,False,62,19,2,5,0,30,13,17,14,11,3,2,1,10,4,5,1,1,0,57,37,0.65,28,0.76,20,19,0.95,10,0.5,30,0.91,12,0.8,34,0.62,22,0.56,6,0.5,10,8,0.8,-11,24,18.18
197,5d93afc1180000664fcaa8e7,Anna Rogers,Detkovskaya,20,0,False,66,10,4,3,4,33,19,14,16,16,2,1,1,13,5,2,0,0,0,55,24,0.44,16,0.67,31,31,1.0,19,0.61,43,0.88,7,0.88,38,0.59,22,0.58,6,0.5,9,7,0.78,-19,16,6.98
198,5d94a0812100000b07a34456,Anna Rogers,merteena,20,0,False,64,15,6,2,15,18,9,9,10,7,13,8,5,6,6,6,0,0,0,58,42,0.72,27,0.64,16,16,1.0,8,0.5,33,0.87,17,0.89,34,0.61,18,0.53,12,0.48,6,5,0.83,12,36,19.55
199,5d941a3d180000295ecaa8f8,Anna Rogers,Sleeth,20,0,False,38,18,3,4,0,39,18,21,18,14,3,3,0,2,2,0,2,1,1,47,23,0.49,14,0.61,24,22,0.92,6,0.25,28,0.93,11,0.73,16,0.44,10,0.31,12,0.48,4,2,0.5,-21,18,6.85
200,5d976b55210000765ba3449b,Anna Rogers,Sofia Munera,20,0,False,66,15,7,4,7,25,11,14,11,14,2,1,1,7,5,5,0,0,0,51,32,0.63,25,0.78,19,19,1.0,12,0.63,37,0.84,10,0.91,38,0.62,21,0.64,7,0.54,6,5,0.83,-3,27,15.69
201,5e21f4872100004d530175bb,Anna Rogers,Kozarov,20,0,False,39,7,2,2,4,27,8,19,13,14,10,3,7,5,2,3,4,2,2,47,31,0.66,17,0.55,16,12,0.75,4,0.25,27,0.79,8,0.89,26,0.46,10,0.38,3,0.27,5,3,0.6,-16,14,11.21
202,5e24b2071b0000520e48c298,Anna Rogers,Dean,20,0,True,54,6,4,1,3,13,8,5,5,8,2,1,1,10,5,4,0,0,0,32,20,0.62,18,0.9,12,12,1.0,10,0.83,23,0.85,11,0.79,48,0.75,5,0.45,1,1.0,4,4,1.0,-4,13,11.25
203,5e250ba71b00008b1d48c2a9,Anna Rogers,Davis,20,0,True,58,21,4,4,15,14,10,4,3,10,9,3,6,7,4,6,3,2,1,50,30,0.6,21,0.7,20,17,0.85,14,0.7,25,0.83,12,0.92,33,0.62,15,0.6,10,0.59,9,8,0.89,22,42,12.6
204,5e21f8812100009c530175bf,Anna Rogers,Morales,20,0,False,67,5,2,3,2,39,19,20,22,15,3,1,2,8,6,1,3,2,1,63,37,0.59,23,0.62,26,23,0.88,15,0.58,30,0.83,13,0.87,38,0.54,20,0.65,9,0.6,6,6,1.0,-32,8,13.51
205,5e2b2738180000ce7d6eb540,Anna Rogers,Pisareva,20,0,True,49,9,1,3,0,43,24,19,25,16,0,0,0,8,4,3,3,1,2,52,33,0.63,17,0.52,19,16,0.84,7,0.37,28,0.8,18,0.82,27,0.42,16,0.48,6,0.43,9,3,0.33,-34,12,10.79
206,5e2b2c5e1800008a7e6eb549,Anna Rogers,Hofbauer,20,0,True,60,10,2,1,12,17,4,13,9,7,10,5,5,10,4,5,1,0,1,52,30,0.58,22,0.73,22,21,0.95,13,0.59,20,0.74,17,0.89,35,0.62,18,0.55,7,0.54,5,5,1.0,5,27,12.69
207,5e3780ec1e0000611de0580f,Anna Rogers,Malkia,20,0,True,61,19,10,5,1,29,13,16,13,13,0,0,0,10,4,4,3,1,2,57,39,0.68,28,0.72,18,15,0.83,9,0.5,28,0.93,11,0.73,42,0.63,13,0.57,6,0.4,5,4,0.8,-9,24,19.16
208,5e3740681e0000b016e05800,Anna Rogers,Jarskog,20,0,False,66,18,7,2,0,42,18,24,18,19,0,0,0,14,6,2,3,2,1,57,34,0.6,27,0.79,23,20,0.87,9,0.39,30,0.86,16,0.84,34,0.67,17,0.53,15,0.47,8,6,0.75,-24,20,16.11
209,5e5ae5251b0000a0e53e6571,Anna Rogers,Omeru,20,0,False,68,17,5,4,0,39,14,25,19,17,2,2,0,8,4,10,2,0,2,56,32,0.57,24,0.75,24,22,0.92,15,0.62,41,0.89,10,0.62,39,0.6,16,0.47,13,0.62,10,9,0.9,-22,27,13.71
210,5e5d9c361e000011819b3741,Anna Rogers,Johansen,20,0,False,53,11,2,1,9,26,12,14,12,12,2,0,2,8,6,3,5,4,1,44,25,0.57,17,0.68,19,14,0.74,9,0.47,28,0.9,8,0.67,28,0.55,17,0.59,8,0.67,5,5,1.0,-6,23,9.66
211,6011cfcf420000980b5aeb8a,Anna Rogers,Shusharina,21,0,True,67,4,3,0,14,31,14,17,16,15,9,5,4,13,4,1,0,0,0,58,43,0.74,29,0.67,15,15,1.0,10,0.67,27,0.84,19,0.86,44,0.6,19,0.51,4,0.4,6,6,1.0,-13,19,21.5
212,601433cb420000de575aebb0,Anna Rogers,Zeleva,21,0,True,91,23,8,9,1,60,24,36,30,28,0,0,0,12,8,1,3,1,2,80,49,0.61,33,0.67,31,28,0.9,14,0.45,47,0.85,25,0.89,53,0.57,16,0.46,22,0.58,6,5,0.83,-36,25,20.21
213,6032c2a0420000ec2117d8cf,Anna Rogers,Carolyn Campana,21,0,True,64,11,3,5,3,35,16,19,11,21,4,0,4,7,6,2,1,0,1,57,34,0.6,22,0.65,23,22,0.96,12,0.52,38,0.9,10,0.77,38,0.58,21,0.58,5,0.42,6,5,0.83,-21,16,13.12
214,6032e37d420000dfb117d8e3,Anna Rogers,Ele Molinaro,21,0,True,57,12,2,2,7,24,13,11,14,9,7,5,2,9,6,1,2,1,1,48,33,0.69,23,0.7,15,13,0.87,7,0.47,33,0.87,7,0.78,33,0.57,12,0.57,12,0.57,9,6,0.67,-5,20,15.81
215,604f864a430000166386b5bf,Anna Rogers,Louka,21,0,False,52,11,2,3,0,23,10,13,12,11,0,0,0,7,4,4,1,0,1,46,28,0.61,20,0.71,18,17,0.94,12,0.67,22,0.88,9,0.9,27,0.64,12,0.71,13,0.54,4,4,1.0,-12,15,12.17
216,6058b1754500001fa37c6138,Anna Rogers,Yufei Long,21,0,True,53,10,3,3,0,33,16,17,17,14,0,0,0,5,4,3,0,0,0,45,27,0.6,20,0.74,18,18,1.0,12,0.67,16,0.62,17,1.0,33,0.57,8,0.57,12,0.71,8,8,1.0,-23,13,12.0
217,6058b5374500001ba37c6142,Anna Rogers,Kanapatskaya,21,0,False,67,22,8,1,1,36,15,21,12,21,0,0,0,12,7,2,0,0,0,58,35,0.6,19,0.54,23,23,1.0,15,0.65,35,0.85,14,1.0,34,0.57,23,0.68,10,0.45,6,6,1.0,-13,25,11.47
218,605bb058440000f3058b7c15,Anna Rogers,Schech,21,0,False,56,15,4,5,14,22,12,10,5,15,2,1,1,10,6,1,2,1,1,42,31,0.74,25,0.81,11,9,0.82,4,0.36,22,0.81,15,0.88,29,0.62,13,0.57,14,0.82,8,6,0.75,7,30,18.45
219,6070d1b545000031cffd24c1,Anna Rogers,Tamara Itzhaki,21,0,False,54,25,8,2,7,28,8,20,13,10,5,3,2,9,6,2,2,1,1,45,26,0.58,19,0.73,19,17,0.89,8,0.42,29,0.85,12,0.92,29,0.54,15,0.6,10,0.67,8,6,0.75,4,34,10.98
220,607392b146000061e3201796,Anna Rogers,Navarro,21,0,False,51,9,3,0,1,56,19,37,26,25,0,0,0,2,2,4,0,0,0,58,35,0.6,24,0.69,23,23,1.0,10,0.43,38,0.9,13,0.93,29,0.51,12,0.43,10,0.34,9,6,0.67,-46,14,14.48
221,610c34bd3f0000824fafd465,Anna Rogers,Paula Delgado,21,0,True,49,16,3,1,9,33,12,21,15,12,5,2,3,6,3,2,0,0,0,46,31,0.67,22,0.71,15,15,1.0,5,0.33,31,0.91,8,0.89,21,0.58,7,0.47,21,0.52,5,4,0.8,-8,27,14.83
222,610c3a5d3f00009b50afd46c,Anna Rogers,Naklo,21,0,False,37,4,1,1,10,16,9,7,8,8,19,11,8,6,1,0,2,2,0,47,27,0.57,10,0.37,20,18,0.9,11,0.55,22,0.81,16,0.94,23,0.45,10,0.34,4,0.33,8,3,0.38,-2,14,5.74
223,5c58c1902100007924e8a475,Adriana Reami,Cutura,19,0,True,61,18,12,2,12,21,8,13,8,11,2,1,1,10,7,0,2,1,1,51,25,0.49,16,0.64,26,24,0.92,13,0.5,30,0.97,12,0.8,39,0.72,13,0.38,9,0.82,5,4,0.8,9,30,7.84
224,5c56367f1e000072711f5660,Adriana Reami,Stoica,19,0,False,63,16,8,2,7,40,19,21,23,11,0,0,0,7,5,0,1,0,1,66,40,0.61,26,0.65,26,25,0.96,11,0.42,32,0.84,6,1.0,22,0.52,23,0.56,18,0.51,11,8,0.73,-17,23,15.76
225,5c6b13fa190000b42f415492,Adriana Reami,Afanasyeva,19,0,True,72,13,6,3,4,33,11,22,17,13,5,3,2,14,5,1,1,0,1,57,26,0.46,18,0.69,31,30,0.97,17,0.55,33,0.8,22,0.92,39,0.56,26,0.65,7,0.47,10,7,0.7,-16,18,8.21
226,5c6b0f2f190000322f41548c,Adriana Reami,Dush,19,0,True,68,7,2,3,6,26,11,15,10,12,4,3,1,11,4,0,3,0,3,55,25,0.45,19,0.76,30,27,0.9,18,0.6,20,0.74,20,0.77,46,0.61,19,0.53,3,0.6,9,7,0.78,-13,13,8.64
227,5c7c89e52700006a140271d0,Adriana Reami,Mally,19,0,True,60,17,6,3,4,31,17,14,17,7,1,1,0,10,4,0,1,0,1,53,28,0.53,21,0.75,25,24,0.96,12,0.48,25,0.89,27,0.96,24,0.59,17,0.52,19,0.54,5,5,1.0,-10,21,11.09
228,5c7950ef19000044488520e3,Adriana Reami,graham,19,0,True,57,15,8,2,1,49,22,27,36,13,3,3,0,6,1,0,2,2,0,69,42,0.61,26,0.62,27,25,0.93,12,0.44,20,0.56,20,0.77,29,0.36,13,0.52,15,0.56,6,5,0.83,-33,16,15.83
229,5c7e99e2270000486f027225,Adriana Reami,Corse,19,0,True,78,19,8,2,11,40,23,17,18,20,10,7,3,8,4,1,0,0,0,80,46,0.57,25,0.54,34,34,1.0,23,0.68,49,0.92,18,0.9,35,0.53,24,0.48,19,0.51,9,6,0.67,-10,31,14.37
230,5c880c7b1f0000be00c49037,Adriana Reami,Riley,19,0,True,49,10,8,0,2,13,7,6,8,5,0,0,0,9,5,4,0,0,0,37,18,0.49,17,0.94,19,19,1.0,11,0.58,17,0.94,10,0.91,33,0.72,9,0.69,7,0.7,7,7,1.0,-1,16,8.27
231,5c88111e1f00002802c49043,Adriana Reami,Zacarias,19,0,True,56,6,3,1,3,22,7,15,10,10,3,3,0,11,5,3,1,0,1,50,39,0.78,26,0.67,11,10,0.91,4,0.36,23,0.96,10,0.83,40,0.71,12,0.67,4,0.29,4,4,1.0,-13,12,20.28
232,5c968df31c00006c8ddfe712,Adriana Reami,Ito,19,0,False,58,18,9,2,7,26,12,14,8,11,6,3,3,8,5,0,3,0,3,50,34,0.68,22,0.65,16,13,0.81,9,0.56,32,0.89,10,0.91,28,0.55,16,0.64,14,0.61,9,7,0.78,-1,25,14.96
233,5c9815661d0000ee1ef88298,Adriana Reami,danoilova,19,0,False,62,7,5,1,1,21,8,13,14,7,5,5,0,12,6,1,6,2,4,51,25,0.49,18,0.72,26,20,0.77,12,0.46,29,0.85,11,0.79,39,0.57,13,0.76,10,0.62,5,4,0.8,-13,9,8.82
234,5cb09964190000b762ffc6fa,Adriana Reami,Oparanovic,19,0,False,82,13,7,2,0,72,32,40,50,18,0,0,0,12,3,1,4,0,4,97,60,0.62,34,0.57,37,33,0.89,15,0.41,42,0.79,28,0.85,46,0.48,22,0.45,14,0.35,11,8,0.73,-59,14,21.03
235,5cb0a24a1900000e64ffc700,Adriana Reami,Kaufmann,19,0,False,54,10,6,1,0,27,12,15,19,6,0,0,0,7,5,0,3,0,3,48,36,0.75,26,0.72,12,9,0.75,4,0.33,20,0.77,13,0.87,28,0.58,15,0.54,11,0.79,4,4,1.0,-17,10,19.5
236,5cd4ca4a230000c93df5ee8f,Adriana Reami,Bakkari,19,0,False,82,12,7,0,12,57,18,39,38,15,1,1,0,13,6,0,2,0,2,79,45,0.57,30,0.67,34,32,0.94,13,0.38,56,0.88,9,0.82,39,0.54,25,0.53,18,0.5,8,6,0.75,-33,24,17.09
237,5d93af0d1800006b4fcaa8e6,Adriana Reami,merteena,20,0,False,59,25,13,2,7,55,33,22,27,15,12,6,6,9,5,5,4,1,3,71,39,0.55,24,0.62,32,28,0.88,10,0.31,32,0.8,27,0.93,25,0.38,17,0.44,17,0.47,6,4,0.67,-23,37,13.18
238,5d94166f180000755dcaa8f6,Adriana Reami,kessler,20,0,False,83,28,16,4,8,55,17,38,28,20,2,1,1,14,7,1,1,0,1,75,44,0.59,24,0.55,31,30,0.97,17,0.55,40,0.8,25,0.93,40,0.54,20,0.45,23,0.59,10,7,0.7,-19,37,14.08
239,5d94a001210000b406a34455,Adriana Reami,detkovskaya,20,0,False,63,11,6,1,11,24,13,11,11,13,11,9,2,10,6,1,3,1,2,58,31,0.53,23,0.74,27,24,0.89,12,0.44,32,0.84,14,1.0,32,0.6,20,0.51,11,0.55,6,5,0.83,-2,23,12.29
240,5d941ae1180000195ecaa8fa,Adriana Reami,Stolamr,20,0,False,54,9,5,2,3,21,7,14,10,8,2,2,0,8,4,2,2,0,2,44,29,0.66,24,0.83,15,13,0.87,8,0.53,21,0.84,8,0.8,34,0.69,15,0.65,5,0.45,5,5,1.0,-9,14,15.82
241,5e24ae531b00000f0e48c292,Adriana Reami,Amaro,20,0,False,51,10,6,1,4,18,4,14,10,5,3,1,2,9,5,1,1,0,1,40,22,0.55,15,0.68,18,17,0.94,13,0.72,20,0.83,9,1.0,32,0.7,9,0.5,10,0.62,7,7,1.0,-4,15,8.25
242,5e250ae91b00008a1d48c2a7,Adriana Reami,Cinellatto,20,0,True,84,13,9,2,23,31,12,19,16,14,21,10,11,19,8,4,4,2,2,72,43,0.6,27,0.63,29,25,0.86,10,0.34,39,0.8,23,0.92,54,0.55,23,0.62,7,0.39,9,6,0.67,5,40,16.12
243,5e21f5bf2100006d530175bd,Adriana Reami,Rompf,20,0,False,59,10,5,0,22,21,6,15,11,8,12,6,6,9,4,0,3,2,1,51,33,0.65,22,0.67,18,15,0.83,12,0.67,32,0.84,9,1.0,27,0.59,19,0.56,13,0.54,5,5,1.0,11,32,14.24
244,5e24b1661b0000490e48c297,Adriana Reami,Sawhney,20,0,True,58,6,2,1,4,21,7,14,7,14,5,2,3,7,6,4,0,0,0,49,28,0.57,23,0.82,21,21,1.0,7,0.33,18,0.78,14,0.82,44,0.63,9,0.53,5,0.62,8,6,0.75,-11,14,13.14
245,5e2b27cd180000d97d6eb541,Adriana Reami,Seva,20,0,True,58,10,4,4,18,14,6,8,8,4,15,9,6,10,7,1,0,0,0,44,16,0.36,12,0.75,28,28,1.0,14,0.5,34,0.89,9,1.0,37,0.63,13,0.57,8,0.57,8,5,0.62,14,29,4.36
246,5e2b2d031800009e7e6eb54a,Adriana Reami,Diercksen,20,0,True,51,8,5,1,14,10,2,8,7,3,5,4,1,11,7,0,2,1,1,32,15,0.47,10,0.67,17,15,0.88,13,0.76,17,0.74,12,0.8,38,0.69,11,0.69,2,0.67,6,5,0.83,12,22,4.69
247,5e2c62ff18000034ba6eb580,Adriana Reami,Naklo,20,0,False,65,8,5,3,18,28,17,11,8,18,22,15,7,7,3,1,5,2,3,73,35,0.48,21,0.6,38,33,0.87,16,0.42,38,0.84,20,0.87,35,0.45,23,0.49,7,0.41,6,5,0.83,-2,27,10.07
248,5e2c5f1f180000b0b96eb57a,Adriana Reami,Haet,20,0,False,61,13,6,5,10,23,10,13,13,9,5,5,0,9,4,3,4,0,4,53,35,0.66,26,0.74,18,14,0.78,8,0.44,32,0.94,13,0.93,35,0.67,17,0.52,9,0.53,5,5,1.0,0,26,17.17
249,5e37813d1e0000701de05810,Adriana Reami,Delgado,20,0,True,57,18,9,4,3,27,12,15,7,14,2,2,0,7,6,6,4,2,2,52,26,0.5,20,0.77,26,22,0.85,10,0.38,34,0.92,9,0.9,28,0.61,18,0.55,11,0.52,5,5,1.0,-6,27,10.0
250,5e373f331e00009c16e057fb,Adriana Reami,Emma,20,0,False,58,8,5,1,13,26,12,14,15,7,11,7,4,11,6,1,1,0,1,54,34,0.63,19,0.56,20,19,0.95,9,0.45,13,0.68,18,0.82,40,0.56,13,0.5,5,0.62,5,4,0.8,-5,22,11.96
251,5e5ae2801b000020e53e656f,Adriana Reami,Nihelani,20,0,False,49,9,5,2,0,23,10,13,16,4,0,0,0,10,7,2,2,1,1,35,24,0.69,16,0.67,11,9,0.82,5,0.45,24,0.86,16,1.0,28,0.61,11,0.58,10,0.71,3,3,1.0,-14,11,10.97
252,5e5d9b731e00009f809b373f,Adriana Reami,O'Dell,20,0,False,63,13,5,1,8,29,13,16,14,10,7,4,3,8,4,1,0,0,0,50,31,0.62,24,0.77,19,19,1.0,13,0.68,17,0.63,23,0.88,34,0.55,16,0.57,13,0.76,6,6,1.0,-8,22,14.88
253,6005a6bc43000043b3832401,Adriana Reami,glossman,21,0,True,82,30,11,7,7,41,19,22,19,18,11,6,5,13,7,2,2,0,2,76,43,0.57,28,0.65,33,31,0.94,13,0.39,54,0.83,11,0.85,44,0.54,22,0.55,16,0.48,10,8,0.8,-4,39,15.84
254,6011cf8c4200009a0b5aeb89,Adriana Reami,Crowley,21,0,True,57,13,8,2,2,37,12,25,20,13,0,0,0,8,3,1,2,0,2,57,29,0.51,18,0.62,28,26,0.93,13,0.46,22,0.79,21,0.88,37,0.51,15,0.47,5,0.42,5,3,0.6,-22,16,9.16
255,6014339d4200009c575aebaf,Adriana Reami,Leslie,21,0,True,56,10,4,3,7,23,7,16,13,10,5,3,2,6,4,2,0,0,0,48,31,0.65,21,0.68,17,17,1.0,11,0.65,20,0.65,17,0.94,36,0.55,10,0.53,10,0.62,9,8,0.89,-6,19,13.56
256,60183371420000ded95aec34,Adriana Reami,Zaccarias,21,0,True,50,6,3,2,0,24,12,12,15,9,1,1,0,5,4,6,1,1,0,41,29,0.71,23,0.79,12,11,0.92,9,0.75,19,0.7,9,0.82,38,0.68,10,0.59,2,0.33,8,8,1.0,-18,12,16.27
257,6032c328420000ec2117d8d2,Adriana Reami,Killingsworth,21,0,True,76,12,8,1,13,18,10,8,7,11,18,14,4,14,6,6,1,0,1,71,42,0.59,27,0.64,29,28,0.97,15,0.52,38,0.76,19,0.95,55,0.62,14,0.41,7,0.37,5,4,0.8,7,31,15.97
258,6033087e4200009db717d8e7,Adriana Reami,Rebeka Mertena,21,0,True,59,16,8,1,10,31,9,22,19,10,13,7,6,13,4,2,1,1,0,52,28,0.54,22,0.79,24,23,0.96,10,0.42,35,0.92,23,0.96,22,0.5,19,0.59,18,0.46,5,5,1.0,-5,28,11.85
259,604f858b430000326386b5bd,Adriana Reami,Middlebrooks,21,0,False,54,12,5,5,0,18,8,10,6,11,0,0,0,7,7,0,0,0,0,39,21,0.54,13,0.62,18,18,1.0,13,0.72,15,1.0,17,1.0,27,0.66,20,0.8,7,0.78,4,3,0.75,-6,12,7.0
260,604f886a430000356386b5c5,Adriana Reami,Hrastar,21,0,False,50,9,6,2,0,13,5,8,9,4,0,0,0,8,6,3,0,0,0,29,20,0.69,16,0.8,9,9,1.0,8,0.89,22,0.92,11,0.92,32,0.74,11,0.73,7,0.7,3,3,1.0,-4,12,11.03
261,6058b35145000007a37c613b,Adriana Reami,Aguiar,21,0,True,66,9,3,5,6,25,10,15,15,10,5,4,1,10,7,3,2,0,2,57,34,0.6,23,0.68,23,21,0.91,10,0.43,27,0.87,20,0.87,41,0.64,15,0.48,10,0.53,6,4,0.67,-10,18,13.72
262,6058b53a450000ada37c6144,Adriana Reami,Novotna,21,0,False,53,7,4,1,3,12,5,7,9,2,3,2,1,6,5,2,0,0,0,45,34,0.76,26,0.76,11,11,1.0,5,0.45,24,0.89,10,1.0,39,0.67,10,0.45,4,0.8,5,5,1.0,-2,12,19.64
263,6070d1b8450000186bfd24c3,Adriana Reami,Nina Sorkin,21,0,False,53,15,5,1,7,28,9,19,9,14,5,2,3,11,6,4,1,0,1,37,17,0.46,13,0.76,20,19,0.95,12,0.6,30,0.91,17,1.0,23,0.62,14,0.48,16,0.7,4,4,1.0,-6,26,5.97
264,607392b4460000eae3201798,Adriana Reami,Johanse,21,0,False,40,7,2,0,0,43,21,22,27,15,0,0,0,10,4,1,2,0,2,45,25,0.56,10,0.4,20,18,0.9,6,0.3,36,0.92,10,0.77,18,0.46,14,0.38,8,0.38,8,2,0.25,-36,8,5.56
265,610c369f3f0000d84fafd467,Adriana Reami,Ciuca,21,0,True,58,12,8,0,14,13,2,11,8,2,10,5,5,6,5,3,1,0,1,49,27,0.55,15,0.56,22,21,0.95,17,0.77,28,0.82,10,0.91,38,0.62,15,0.6,5,0.42,9,7,0.78,13,29,8.27
266,611d1a5d410000ae020b8125,Adriana Reami,Kadleckova,21,0,False,46,9,2,2,19,20,3,17,11,6,15,10,5,5,3,1,4,1,3,47,26,0.55,17,0.65,21,17,0.81,5,0.24,38,0.9,11,0.85,24,0.47,16,0.5,6,0.3,9,4,0.44,8,29,9.4
