match_id,player,opponent,season,match_result,indoors,total_points_won,winners,forehand_winner,backhand_winner,errors_forced,unforced_errors,unforced_errors_forehand,unforced_errors_backhand,forced_errors_by_opponent,break_points_total,break_points_won,aces,double_faults,total_serves,first_serves_in,first_serve_in_percentage,first_serves_won,first_serves_won_percentage,total_second_serves,second_serves_in,second_serves_in_percentage,second_serves_won,second_serves_won_percentage,first_serve_returns,first_serve_returns_percentage,second_serve_returns,second_serve_returns_percentage,short_rallies_won,short_rallies_won_percentage,medium_rallies_won,medium_rallies_won_percentage,long_rallies_won,long_rallies_won_percentage,service_games_total,service_games_won,service_games_won_percentage,unforced_errors_net,unforced_errors_long,forced_errors_by_opponent_net,forced_errors_by_opponent_long,double_faults_error_net,double_faults_error_long,aggressive_error_margin_1,aggressive_error_margin_2,first_serve_performance
62150d674500004a00cc8886,Priska Nugroho,Ansari,22,Incomplete,True,55,9,5,1,11,20,12,6,13,13,3,1,4,56,24,0.43,14,0.58,32,28,0.88,16,0.5,26,0.84,11,0.79,33,0.49,12,0.52,10,0.53,8,5,0.62,7,13,4,9,3,1,0,-3,6.0
6217b1084200004b002ff9b4,Priska Nugroho,Vidmanova,22,Win,True,60,32,8,1,3,22,10,8,4,11,4,4,1,50,27,0.54,22,0.81,23,22,0.96,12,0.52,25,0.81,17,0.94,23,0.51,17,0.53,20,0.8,5,5,1.0,6,16,3,1,0,1,13,16,11.88
6218fc1f420000650a2ff9f0,Priska Nugroho,Tran,22,Loss,True,34,10,3,1,12,19,6,12,17,0,0,0,1,51,30,0.59,18,0.6,21,20,0.95,8,0.38,19,0.68,14,0.93,18,0.38,12,0.38,4,0.27,8,5,0.62,8,11,9,8,0,1,3,2,10.59
62150dc64500004900cc8887,Nell Miller,Flach,22,Win,True,58,5,3,2,16,17,7,9,9,11,7,5,5,44,28,0.64,20,0.71,16,11,0.69,6,0.38,20,0.91,23,0.88,44,0.68,9,0.36,5,0.83,8,5,0.62,11,6,5,4,5,0,4,4,12.73
6217b1d642000033002ff9b6,Nell Miller,Hertel,22,Win,True,58,13,3,7,6,22,7,13,2,10,5,4,4,41,21,0.51,18,0.86,20,16,0.8,10,0.5,25,0.78,14,1.0,41,0.64,9,0.47,8,0.73,5,5,1.0,12,10,1,1,3,1,-3,-3,9.22
6218fc8742000034002ff9f1,Nell Miller,Crawley,22,Incomplete,True,87,14,2,8,20,30,16,12,25,18,8,1,16,83,46,0.55,29,0.63,37,21,0.57,10,0.27,57,0.95,21,0.84,51,0.54,20,0.49,16,0.39,10,7,0.7,12,18,14,11,12,4,4,-11,16.07
62150dfd4500004a00cc8888,Sophie Abrams,Axon,22,Win,True,55,17,4,7,0,25,12,10,1,11,5,2,3,47,26,0.55,19,0.73,21,18,0.86,11,0.52,25,0.83,12,0.75,35,0.56,14,0.64,6,0.6,8,7,0.88,11,14,1,0,1,2,-8,-9,10.51
6218fd4242000033002ff9f2,Sophie Abrams,Tanguilig,22,Loss,True,54,20,7,3,1,41,28,11,1,5,2,0,4,62,45,0.73,26,0.58,17,13,0.76,5,0.29,22,0.65,10,0.56,30,0.39,13,0.46,11,0.79,6,3,0.5,12,29,1,0,2,2,-20,-24,18.87
621cedd74300005c72219d83,Sophie Abrams,Coppoc,22,Win,True,79,18,4,2,6,56,31,16,5,9,3,0,5,81,47,0.58,29,0.62,34,29,0.85,18,0.53,38,0.72,20,0.8,40,0.41,24,0.65,15,0.54,10,9,0.9,21,35,3,2,2,3,-32,-37,16.83
6140be1e42000090d43825ae,Sara Nayar,Anna Brylin,22,Win,False,64,17,6,6,17,16,5,10,17,9,6,1,6,63,40,0.63,27,0.68,23,17,0.74,5,0.22,24,0.77,16,0.84,41,0.53,14,0.48,9,0.64,5,3,0.6,3,13,6,11,2,4,18,13,17.14
6140c0004200008fd43825b4,Sara Nayar,Amelia Rajecki,22,Loss,False,168,27,19,5,38,81,51,29,38,12,9,6,16,168,98,0.58,65,0.66,70,54,0.77,32,0.46,70,0.71,37,0.69,125,0.5,28,0.5,15,0.5,12,12,1.0,22,59,14,24,5,11,-16,-26,37.92
6140c00342000090d43825b6,Sara Nayar,Cassie Wooten,22,Loss,False,51,10,3,2,0,41,19,21,1,11,5,0,5,57,36,0.63,16,0.44,21,16,0.76,6,0.29,27,0.87,12,0.71,27,0.44,13,0.46,11,0.48,8,2,0.25,12,29,0,1,2,3,-31,-36,10.11
6032c408420000f22117d8d6,Amelia Rajecki,Wooten,21,Win,True,100,29,14,1,0,70,45,20,0,8,4,0,6,102,62,0.61,42,0.68,40,34,0.85,18,0.45,49,0.8,35,0.92,55,0.5,29,0.47,16,0.53,6,6,1.0,39,31,0,0,2,4,-41,-47,25.53
603311d34200009db717d8ea,Amelia Rajecki,Daria Kuczer,21,Loss,True,82,15,8,0,0,58,42,16,1,9,4,6,4,87,54,0.62,32,0.59,33,29,0.88,16,0.48,48,0.83,18,0.86,45,0.49,20,0.48,17,0.49,12,7,0.58,24,34,1,0,0,4,-43,-41,19.86
613f813d420000186838259a,Amelia Rajecki,Jaeda Daniel,22,Loss,False,108,12,7,5,32,54,35,18,32,13,7,1,9,108,61,0.56,38,0.62,47,38,0.81,23,0.49,43,0.7,29,0.76,78,0.5,22,0.5,8,0.5,10,9,0.9,15,39,14,18,5,4,-10,-18,21.46
6140be2042000093d43825af,Amelia Rajecki,Peyton Pesavento,22,Win,False,58,11,6,1,8,39,24,13,1,9,3,1,5,53,36,0.68,28,0.78,17,12,0.71,10,0.59,18,0.56,13,0.65,38,0.5,15,0.62,5,0.83,10,9,0.9,17,22,1,0,3,2,-20,-24,19.02
62150e2a4500004a00cc8889,Amelia Rajecki,Chen,22,Loss,True,44,5,3,1,1,39,22,15,2,5,1,7,7,57,28,0.49,21,0.75,29,22,0.76,10,0.34,16,0.62,15,0.79,31,0.42,8,0.42,5,0.42,5,5,1.0,12,27,1,1,5,2,-33,-33,10.32
6217b3f342000034002ff9b8,Amelia Rajecki,Kowalski,22,Loss,True,64,19,9,0,14,65,32,29,5,10,6,2,8,78,44,0.56,26,0.59,34,26,0.76,10,0.29,37,0.88,22,0.88,29,0.41,12,0.48,23,0.44,5,4,0.8,23,42,3,2,5,3,-32,-38,14.67
6218fdaa4200004b002ff9f3,Amelia Rajecki,Anika Yarlagadda,22,Loss,True,82,18,10,3,29,51,36,15,22,11,4,9,11,88,45,0.51,35,0.78,43,32,0.74,13,0.3,52,0.84,18,0.82,47,0.47,14,0.37,21,0.62,11,6,0.55,15,36,9,13,5,6,-4,-6,17.9
604f85de430000166386b5be,Abigail Rencheli,Marti,21,Win,False,64,26,7,5,0,41,19,14,0,8,7,0,2,60,30,0.5,16,0.53,30,28,0.93,15,0.5,23,0.79,21,0.91,29,0.48,20,0.59,15,0.68,6,4,0.67,15,26,0,0,0,2,-15,-17,8.0
604f8903430000366386b5c7,Abigail Rencheli,Carol Lee,21,Loss,False,83,25,7,5,20,55,26,27,11,10,5,1,7,86,43,0.5,26,0.6,43,36,0.84,17,0.4,51,0.85,19,0.83,34,0.4,23,0.48,26,0.63,11,5,0.45,22,33,5,6,2,5,-10,-16,13.0
6058b5304500000abd7c613e,Abigail Rencheli,Maria Ross,21,Win,True,62,15,11,1,3,38,14,20,0,7,6,2,2,59,36,0.61,24,0.67,23,21,0.91,11,0.48,23,0.85,15,0.83,39,0.55,12,0.5,11,0.73,6,5,0.83,12,26,0,0,0,2,-20,-20,14.64
6058b8f2450000ada37c6149,Abigail Rencheli,Kozyreva,21,Win,False,64,18,8,3,0,32,14,16,0,11,7,0,1,49,25,0.51,16,0.64,24,23,0.96,13,0.54,20,0.8,24,0.92,31,0.55,22,0.71,11,0.65,6,6,1.0,14,18,0,0,1,0,-14,-15,8.16
6070d392450000c52cfd24c5,Abigail Rencheli,Elizabet Danailova,21,Win,False,53,8,5,3,12,18,10,8,8,11,6,3,3,44,23,0.52,14,0.61,21,18,0.86,11,0.52,22,0.73,16,0.89,45,0.57,2,0.29,6,0.86,8,6,0.75,4,14,4,4,1,2,2,2,7.32
607392b74600001fe320179a,Abigail Rencheli,O'dell,21,Win,False,50,19,5,8,0,32,13,17,0,7,5,0,1,43,22,0.51,14,0.64,21,20,0.95,12,0.57,11,0.58,18,0.86,28,0.52,15,0.71,7,0.58,7,5,0.71,11,21,0,0,0,1,-13,-14,7.16
611d1a61410000ae020b8127,Abigail Rencheli,Kezuka,21,Win,False,54,17,6,4,18,14,10,2,13,9,5,0,2,46,28,0.61,21,0.75,18,16,0.89,10,0.56,21,0.78,9,0.64,38,0.58,10,0.59,6,0.67,4,4,1.0,8,6,4,9,2,0,21,19,12.78
613f7f5c4200000768382599,Abigail Rencheli,Jaeda Daniel,22,Loss,False,92,12,5,6,15,53,34,19,15,14,8,1,11,92,50,0.54,33,0.66,42,31,0.74,13,0.31,35,0.7,24,0.77,69,0.5,14,0.5,9,0.5,9,7,0.78,17,36,3,12,2,9,-26,-36,17.93
6140bc3d42000090d43825ac,Abigail Rencheli,Maryam Ahmad,22,Win,False,59,15,5,8,6,18,6,12,7,9,6,0,4,44,28,0.64,23,0.82,16,12,0.75,5,0.31,18,0.72,21,0.81,47,0.58,9,0.69,3,1.0,5,5,1.0,6,12,6,1,1,3,3,-1,14.64
6140be2342000090d43825b1,Abigail Rencheli,Samantha Martinelli ,22,Win,False,52,21,10,7,1,24,12,11,1,8,7,0,4,42,22,0.52,14,0.64,20,16,0.8,9,0.45,20,0.83,15,0.79,34,0.54,15,0.68,3,1.0,7,5,0.71,10,14,0,1,0,4,-2,-6,7.33
62150d094500004900cc8885,Abigail Rencheli,Arsenault,22,Loss,True,46,9,5,3,3,42,21,21,1,3,2,3,9,54,30,0.56,21,0.7,24,15,0.62,6,0.25,21,0.62,13,0.65,34,0.41,7,0.35,5,0.56,9,5,0.56,12,30,0,1,6,3,-30,-36,11.67
6218fbae4200004a002ff9ef,Abigail Rencheli,Scotty,22,Win,True,58,17,6,7,3,27,13,14,3,12,6,1,5,52,33,0.63,18,0.55,19,14,0.74,11,0.58,24,0.86,12,0.63,41,0.57,9,0.5,8,0.73,9,6,0.67,11,16,2,1,3,2,-7,-11,11.42
621cf0054300008a6e219d84,Abigail Rencheli,Reasco,22,Incomplete,True,82,23,9,5,10,61,41,17,5,13,6,0,4,75,37,0.49,25,0.68,38,34,0.89,15,0.39,56,0.82,13,0.81,33,0.43,29,0.62,20,0.53,10,7,0.7,24,37,3,2,2,2,-28,-32,12.33
5d94152f1800002f5dcaa8f4,Jaeda Daniel,Thamchaiwait,20,Loss,False,46,10,4,4,12,32,11,21,7,9,4,1,4,54,35,0.65,15,0.43,19,15,0.79,7,0.37,32,0.94,11,0.85,21,0.4,11,0.42,14,0.54,10,3,0.3,9,23,3,4,0,4,-10,-13,9.72
5d976bb4210000975ba3449c,Jaeda Daniel,Tenika McGiffin,20,Loss,False,46,13,2,6,5,33,10,21,8,10,3,0,8,49,23,0.47,15,0.65,26,18,0.69,5,0.19,30,0.91,16,0.89,26,0.5,11,0.31,9,0.56,5,3,0.6,9,24,5,3,5,3,-15,-23,7.04
5d9419fc180000195ecaa8f7,Jaeda Daniel,Sharma,20,Loss,False,33,8,2,2,7,24,15,8,12,5,3,0,6,44,31,0.7,9,0.29,13,7,0.54,3,0.23,26,0.84,5,0.71,22,0.41,8,0.42,3,0.27,4,0,0.0,4,20,6,6,4,2,-9,-15,6.34
5e250a9e1b0000701d48c2a6,Jaeda Daniel,Asensi,20,Win,True,55,20,8,9,21,16,9,6,11,10,7,2,4,42,31,0.74,22,0.71,11,7,0.64,2,0.18,26,0.84,13,0.87,31,0.6,12,0.52,12,0.8,8,5,0.62,4,12,5,6,1,3,25,23,16.24
5e24af1a1b00001f0e48c293,Jaeda Daniel,Schech,20,Win,True,49,9,5,3,5,19,13,6,6,7,5,0,1,41,27,0.66,22,0.81,14,13,0.93,6,0.43,19,0.86,11,0.85,35,0.65,11,0.58,3,0.43,4,4,1.0,8,11,4,2,0,1,-5,-6,14.49
5e2b2851180000b77d6eb542,Jaeda Daniel,Earnhardt,20,Win,True,71,33,12,1,12,39,24,7,9,9,6,2,5,68,46,0.68,28,0.61,22,17,0.77,11,0.5,34,0.87,12,0.75,35,0.51,26,0.67,10,0.56,6,5,0.83,15,24,6,3,0,5,6,3,18.94
5e2b2d9d180000af7e6eb54b,Jaeda Daniel,Ncube,20,Win,True,66,5,1,2,11,35,26,9,8,6,5,0,7,58,38,0.66,26,0.68,20,13,0.65,9,0.45,29,0.76,15,0.75,49,0.56,9,0.47,8,0.57,5,5,1.0,13,22,4,4,4,3,-19,-26,17.03
5e2c605f180000d5b96eb57c,Jaeda Daniel,Niezgooda,20,Win,False,60,20,7,6,9,21,9,12,5,9,7,0,14,50,28,0.56,22,0.79,22,8,0.36,7,0.32,31,0.78,13,0.76,33,0.5,14,0.54,13,0.81,6,4,0.67,3,18,5,0,8,6,8,-6,12.32
5e2c640a18000083ba6eb582,Jaeda Daniel,Chang,20,Win,False,97,29,10,8,31,45,23,15,10,19,10,0,10,86,55,0.64,32,0.58,31,21,0.68,12,0.39,44,0.92,28,0.88,55,0.61,30,0.52,12,0.5,6,4,0.67,15,30,5,5,8,2,15,5,20.47
5e373e8e1e00008e16e057fa,Jaeda Daniel,Dimitrova,20,Win,False,66,18,13,5,0,36,22,14,0,16,7,0,7,54,29,0.54,19,0.66,25,18,0.72,11,0.44,32,0.78,13,0.87,43,0.57,17,0.61,6,0.55,5,3,0.6,12,24,0,0,2,5,-18,-25,10.2
5e3784641e0000d41de05817,Jaeda Daniel,Manu,20,,True,46,11,3,7,5,29,16,12,4,8,2,1,7,50,29,0.58,21,0.72,21,14,0.67,6,0.29,28,0.93,8,0.8,34,0.58,8,0.36,4,0.29,4,4,1.0,11,18,1,3,3,4,-13,-19,12.18
5e5af52a1b0000b9e83e6573,Jaeda Daniel,Carter,20,Win,False,58,17,4,3,8,38,25,7,6,7,5,0,5,60,42,0.7,20,0.48,18,13,0.72,11,0.61,34,0.89,10,0.91,25,0.48,17,0.53,16,0.57,5,5,1.0,10,28,3,3,0,5,-13,-18,14.0
5e5d9cb71e00009f809b3742,Jaeda Daniel,Glossman,20,Win,False,67,17,5,3,4,32,18,11,7,10,6,0,4,59,47,0.8,28,0.6,12,8,0.67,5,0.42,39,0.91,10,0.67,32,0.57,22,0.55,13,0.57,5,3,0.6,12,20,4,3,2,2,-11,-15,22.31
6011cd84420000dc0b5aeb84,Jaeda Daniel,Hand,21,Loss,True,24,2,2,0,1,35,20,13,4,4,0,1,2,37,25,0.68,9,0.36,12,10,0.83,5,0.42,23,0.85,8,0.8,14,0.34,5,0.19,5,0.62,7,2,0.29,10,25,4,0,1,1,-32,-33,6.08
60143214420000a2575aebaa,Jaeda Daniel,Mattel,21,Incomplete,True,78,18,8,6,3,44,23,18,14,18,7,1,11,79,45,0.57,24,0.53,34,23,0.68,16,0.47,36,0.8,19,0.83,39,0.48,25,0.61,14,0.44,12,7,0.58,13,31,8,6,7,4,-23,-33,13.67
6018319642000009da5aec29,Jaeda Daniel,Aleshina,21,Win,True,53,9,5,3,13,14,9,4,2,9,6,3,4,37,21,0.57,16,0.76,16,12,0.75,11,0.69,10,0.71,16,0.89,43,0.67,9,0.82,1,0.5,4,4,1.0,3,11,1,1,3,1,8,7,9.08
6032c365420000f62117d8d3,Jaeda Daniel,Brylin,21,Win,True,65,18,8,7,6,37,17,19,4,7,6,1,5,58,38,0.66,29,0.76,20,15,0.75,7,0.35,28,0.7,17,0.77,40,0.53,17,0.65,8,0.42,6,6,1.0,11,26,3,1,3,2,-13,-17,19.0
6033029e4200003bb717d8e6,Jaeda Daniel,Tenika McGiffin,21,Incomplete,True,58,19,9,9,5,41,19,22,2,10,4,3,3,56,32,0.57,22,0.69,24,21,0.88,9,0.38,27,0.82,13,0.72,35,0.52,13,0.65,10,0.43,5,4,0.8,8,33,2,0,3,0,-17,-17,12.57
604f8528430000356386b5bc,Jaeda Daniel,Sipek,21,Win,False,53,18,7,4,12,23,9,10,2,8,6,1,2,38,28,0.74,22,0.79,10,8,0.8,4,0.4,21,0.78,12,0.8,34,0.64,12,0.75,7,0.58,4,4,1.0,5,18,2,0,0,2,7,6,16.21
604f876c430000376386b5c2,Jaeda Daniel,Garcia,21,Win,False,57,20,14,5,22,27,18,8,11,6,4,1,2,50,29,0.58,20,0.69,21,19,0.9,15,0.71,22,0.67,11,0.79,30,0.5,19,0.68,8,0.8,5,5,1.0,11,16,4,7,1,1,15,14,11.6
6058b3524500001fa37c613c,Jaeda Daniel,Irani,21,Loss,True,64,24,12,6,6,52,28,21,12,13,4,2,4,62,38,0.61,20,0.53,24,20,0.83,12,0.5,41,0.84,19,0.9,26,0.41,14,0.44,24,0.59,10,5,0.5,17,35,6,6,0,4,-22,-24,12.26
6058b71045000007a37c6146,Jaeda Daniel,Ramirez,21,Win,False,88,23,11,3,0,56,25,27,5,12,7,3,11,86,41,0.48,21,0.51,45,34,0.76,26,0.58,49,0.84,17,0.71,62,0.52,16,0.41,10,0.62,12,8,0.67,23,33,3,2,8,3,-33,-41,10.01
6070d3914500003093fd24c4,Jaeda Daniel,Andreini,21,Win,False,53,20,12,1,4,29,14,14,0,6,6,3,2,44,22,0.5,15,0.68,22,20,0.91,12,0.55,25,0.83,8,0.89,27,0.56,16,0.62,10,0.91,8,6,0.75,9,20,0,0,1,1,-5,-4,7.5
607392b64600001fe3201799,Jaeda Daniel,Shaikh,21,Win,False,53,8,6,0,9,32,17,13,10,13,6,6,1,46,29,0.63,21,0.72,17,16,0.94,6,0.35,27,0.82,13,0.81,34,0.59,11,0.5,8,0.44,8,5,0.62,7,25,6,4,0,1,-15,-10,13.24
610c36a03f0000d14fafd468,Jaeda Daniel,Davidescu,21,Win,True,48,13,9,3,2,11,9,1,1,6,6,1,2,31,16,0.52,12,0.75,15,13,0.87,12,0.8,18,0.95,12,0.92,35,0.76,10,0.77,3,0.43,3,3,1.0,5,6,0,1,0,2,4,3,6.19
611d1a5f410000aa020b8126,Jaeda Daniel,Hsieh,21,Win,False,71,18,10,4,14,28,20,8,15,7,6,2,9,71,40,0.56,22,0.55,31,22,0.71,16,0.52,33,0.89,19,0.86,40,0.48,24,0.62,7,0.7,6,5,0.83,7,21,6,9,5,4,4,-3,12.39
6140be1c4200008fd43825ad,Jaeda Daniel,Schech,22,Win,False,54,7,2,4,17,20,12,7,10,8,6,3,3,44,16,0.36,10,0.62,28,25,0.89,17,0.61,22,0.76,14,0.93,33,0.54,15,0.75,6,0.6,8,6,0.75,6,14,7,3,0,3,4,4,3.64
6140bffe4200008dd43825b3,Jaeda Daniel,Cassie Wooten,22,Win,False,64,13,8,3,16,27,14,11,8,8,5,1,6,57,31,0.54,22,0.71,26,20,0.77,14,0.54,17,0.81,23,0.74,40,0.54,16,0.62,8,0.73,5,5,1.0,7,20,5,3,1,5,2,-3,11.96
62150c434500004900cc8882,Jaeda Daniel,Ovunc,22,Win,True,72,15,11,0,4,28,19,9,3,15,5,2,6,57,27,0.47,19,0.7,30,24,0.8,19,0.63,28,0.8,20,0.83,52,0.6,16,0.67,4,0.4,6,6,1.0,7,21,2,1,2,4,-9,-13,9.0
6217adca42000032002ff9b1,Jaeda Daniel,Ma,22,Loss,True,33,14,5,2,1,40,23,13,1,3,0,1,9,46,20,0.43,13,0.65,26,17,0.65,8,0.31,17,0.85,15,0.79,16,0.32,10,0.5,7,0.44,4,2,0.5,14,26,0,1,5,4,-25,-33,5.65
6218fb284200004a002ff9ee,Jaeda Daniel,Cameron Morra,22,Incomplete,True,77,32,15,2,17,47,28,14,23,14,7,3,15,78,30,0.38,16,0.53,48,33,0.69,19,0.4,41,0.75,21,0.72,40,0.37,24,0.67,13,0.54,5,4,0.8,16,31,13,10,5,10,2,-10,6.15
5e24b0271b0000340e48c295,Lana Mavor,Scott,20,Win,True,56,12,3,4,4,30,13,16,4,10,5,0,0,47,35,0.74,22,0.63,12,12,1.0,8,0.67,25,0.66,10,0.91,32,0.5,14,0.64,10,0.77,5,5,1.0,13,17,1,3,0,0,-14,-14,16.38
5e2b29c41800001f7e6eb544,Lana Mavor,Zaccarias,20,Incomplete,True,42,10,1,4,3,23,10,13,2,8,3,0,4,44,31,0.7,17,0.55,13,10,0.77,7,0.54,21,0.95,11,1.0,27,0.54,11,0.55,4,0.44,5,4,0.8,12,11,0,2,3,1,-10,-13,11.98
5e2b2f02180000b77e6eb54d,Lana Mavor,Rettich,20,Win,True,71,15,3,9,7,20,9,11,13,12,7,1,2,65,44,0.68,27,0.61,21,19,0.9,8,0.38,29,0.81,22,0.92,41,0.51,22,0.67,8,0.57,6,5,0.83,9,11,9,4,0,2,2,1,18.28
5e3781f11e0000831de05812,Lana Mavor,Ribes,20,Loss,True,46,8,3,3,4,32,18,13,5,7,2,2,3,57,38,0.67,24,0.63,19,16,0.84,3,0.16,29,0.78,12,1.0,34,0.47,8,0.38,4,0.27,5,3,0.6,17,15,3,2,1,2,-20,-21,16.0
5e5d9d001e0000d0809b3743,Lana Mavor,Gullickson,20,Loss,False,32,1,0,0,0,38,10,28,2,4,2,0,1,43,28,0.65,10,0.36,15,14,0.93,5,0.33,19,0.86,14,0.88,18,0.39,9,0.45,5,0.26,4,0,0.0,11,27,2,0,0,1,-37,-38,6.51
6014330c420000dd575aebad,Lana Mavor,Delozire,21,Incomplete,True,37,9,6,2,7,13,3,9,2,7,4,0,1,29,16,0.55,12,0.75,13,12,0.92,8,0.62,16,0.8,5,1.0,24,0.67,7,0.58,6,1.0,5,5,1.0,4,9,2,0,0,1,3,2,6.62
6018328d420000d3d95aec2e,Lana Mavor,Poggi,21,Win,True,53,12,4,5,0,19,6,12,0,10,5,2,2,33,25,0.76,23,0.92,8,6,0.75,5,0.62,29,1.0,12,1.0,37,0.71,15,0.75,1,0.33,7,7,1.0,3,16,0,0,1,1,-7,-7,17.42
5e21fd2d21000021540175c1,Lexi Keberle,Larri,20,Win,False,51,11,8,0,1,29,11,16,0,8,5,2,0,45,34,0.76,22,0.65,11,11,1.0,6,0.55,19,0.7,17,1.0,26,0.58,13,0.62,12,0.5,8,7,0.88,11,18,0,0,0,0,-17,-15,16.62
5e21f67b2100007b530175be,Lexi Keberle,Dillon,20,Win,False,59,12,8,2,7,19,6,13,2,10,5,0,0,43,27,0.63,18,0.67,16,16,1.0,12,0.75,27,0.9,10,0.83,36,0.69,14,0.74,9,0.53,8,7,0.88,7,12,1,1,0,0,0,0,11.3
5e2c5fe9180000b0b96eb57b,Lexi Keberle,Smirnova,20,Win,False,48,2,1,0,7,4,2,2,10,8,6,0,0,37,23,0.62,13,0.57,14,14,1.0,11,0.79,18,0.82,14,0.93,37,0.66,9,0.6,2,0.33,3,3,1.0,1,3,6,4,0,0,5,5,8.08
5e2c63751800006dba6eb581,Lexi Keberle,Kezuka,20,Win,False,62,12,8,3,14,15,11,3,7,9,7,0,1,52,42,0.81,25,0.6,10,9,0.9,4,0.4,33,0.89,10,0.83,28,0.52,25,0.71,9,0.56,9,5,0.56,6,9,2,5,0,1,11,10,20.19
5e361e911a0000c3e91ba499,Lexi Keberle,Zein,20,Incomplete,False,59,5,2,1,2,40,24,14,2,8,5,0,2,63,45,0.71,24,0.53,18,16,0.89,7,0.39,30,0.86,19,0.79,29,0.43,20,0.61,10,0.4,5,4,0.8,14,26,2,0,2,0,-33,-35,17.14
5e37818f1e00007d1de05811,Lexi Keberle,Karvouni,20,Win,True,57,21,16,2,2,15,10,3,1,6,4,0,2,48,28,0.58,24,0.86,20,18,0.9,11,0.55,30,0.97,9,1.0,22,0.65,16,0.55,19,0.73,9,8,0.89,5,10,0,1,1,1,8,6,14.0
5e5ae2281b00001be53e656e,Lexi Keberle,Anna Campana,20,Loss,False,29,3,2,1,1,25,12,13,7,4,2,0,2,43,35,0.81,14,0.4,8,6,0.75,1,0.12,24,0.83,9,0.9,20,0.43,5,0.26,4,0.24,4,1,0.25,10,15,4,3,2,0,-21,-23,11.4
5e5d9d3e1e000011819b3744,Lexi Keberle,Munera,20,Loss,False,35,4,1,1,7,27,12,15,9,7,2,0,1,46,30,0.65,11,0.37,16,15,0.94,7,0.44,24,0.77,8,0.89,17,0.41,9,0.39,9,0.36,8,2,0.25,10,17,5,4,0,1,-16,-17,7.17
6005a58d43000009078323fe,Lexi Keberle,O'dell,21,Win,True,73,12,7,3,5,26,12,14,13,9,4,0,0,77,60,0.78,37,0.62,17,17,1.0,9,0.53,24,0.67,23,0.85,36,0.48,18,0.56,19,0.53,9,8,0.89,6,20,8,5,0,0,-9,-9,28.83
6011ce58420000de0b5aeb86,Lexi Keberle,pozo,21,Win,True,63,13,8,2,0,27,14,13,0,10,5,4,2,49,32,0.65,25,0.78,17,15,0.88,8,0.47,27,0.71,16,0.8,28,0.52,21,0.7,14,0.58,6,6,1.0,10,17,0,0,2,0,-14,-12,16.33
601432d5420000de575aebac,Lexi Keberle,Culberson,21,Incomplete,True,37,10,7,2,5,15,5,10,3,5,4,0,1,29,20,0.69,15,0.75,9,8,0.89,5,0.56,11,0.79,9,0.9,22,0.61,9,0.69,6,0.75,5,5,1.0,4,11,1,2,1,0,0,-1,10.34
6018325742000008da5aec2c,Lexi Keberle,Sevo,21,Win,True,54,9,6,0,0,21,13,7,1,7,5,0,0,40,28,0.7,19,0.68,12,12,1.0,9,0.75,28,0.97,15,1.0,32,0.67,15,0.6,7,0.64,4,4,1.0,5,16,1,0,0,0,-12,-12,13.3
6032c3bf420000fa2117d8d5,Lexi Keberle,Omeru,21,Win,True,69,15,11,1,4,35,25,10,3,14,8,0,0,65,51,0.78,24,0.47,14,14,1.0,9,0.64,36,0.8,19,0.95,38,0.54,18,0.51,13,0.52,6,4,0.67,8,27,2,1,0,0,-16,-16,18.83
6032e7b1420000fa2117d8e4,Lexi Keberle,Johanna Silva,21,Win,True,56,14,6,0,2,19,11,8,1,8,6,0,0,48,38,0.79,23,0.61,10,10,1.0,6,0.6,28,0.85,10,0.83,22,0.56,13,0.54,21,0.7,4,3,0.75,10,9,0,1,0,0,-3,-3,18.21
604f87c1430000336386b5c3,Lexi Keberle,Jain,21,Win,False,71,15,14,1,0,46,27,19,0,14,8,2,3,65,48,0.74,28,0.58,17,14,0.82,5,0.29,50,0.91,8,1.0,25,0.61,17,0.45,29,0.56,6,4,0.67,21,25,0,0,1,2,-31,-32,20.68
6058b35445000020a37c613d,Lexi Keberle,Lopez,21,Loss,True,58,8,3,2,9,17,10,7,6,4,2,3,0,54,40,0.74,29,0.72,14,14,1.0,8,0.57,27,0.77,12,0.8,36,0.56,12,0.46,10,0.5,5,5,1.0,6,11,5,1,0,0,0,3,21.48
6058b8f045000007a37c6148,Lexi Keberle,Erman,21,Win,False,62,14,10,1,2,29,16,12,0,13,7,0,0,50,34,0.68,23,0.68,16,16,1.0,5,0.31,25,0.83,23,1.0,37,0.61,20,0.57,5,0.42,5,4,0.8,9,20,0,0,0,0,-13,-13,15.64
605bb050440000f0048b7c10,Amelia Rajecki,Wilkins,21,Win,False,57,11,9,0,6,33,23,9,1,14,6,3,4,50,27,0.54,16,0.59,23,19,0.83,13,0.57,30,0.86,15,0.79,30,0.47,17,0.59,10,0.77,5,4,0.8,9,24,1,0,2,2,-16,-17,8.64
605bb052440000f0048b7c11,Abigail Rencheli,Dean,21,Win,False,58,10,5,3,15,26,16,8,6,10,6,0,3,42,21,0.5,14,0.67,21,18,0.86,13,0.62,18,0.78,17,0.71,35,0.55,13,0.76,10,0.62,4,4,1.0,8,18,4,2,2,1,-1,-4,7.0
605bb05344000093228b7c12,Lexi Keberle,Sawhney,21,Incomplete,False,59,13,9,2,1,25,12,13,1,15,5,1,3,49,34,0.69,20,0.59,15,13,0.87,8,0.53,17,0.77,22,0.92,32,0.59,19,0.58,8,0.5,5,4,0.8,7,18,1,0,3,0,-11,-12,13.88
6070d394450000874efd24c6,Lexi Keberle,Sabina Richtrova,21,Win,False,55,9,6,2,12,21,15,5,5,10,7,0,0,44,32,0.73,18,0.56,12,12,1.0,7,0.58,28,0.93,9,0.82,31,0.63,14,0.64,10,0.62,8,5,0.62,6,15,2,3,0,0,0,0,13.09
607392b9460000e9e320179b,Lexi Keberle,Munera,21,Win,False,105,19,9,3,11,50,30,18,9,11,6,1,2,96,56,0.58,40,0.71,40,38,0.95,20,0.5,54,0.78,16,0.94,70,0.61,20,0.45,15,0.47,6,6,1.0,18,32,7,2,0,2,-20,-21,23.33
611d1a62410000aa020b8128,Lexi Keberle,Cabezas,21,,False,65,12,3,4,17,19,5,11,18,8,3,1,4,73,47,0.64,28,0.6,26,22,0.85,13,0.5,20,0.69,27,0.87,37,0.51,14,0.39,14,0.5,6,6,1.0,10,9,9,9,2,2,10,7,18.03
5e24867b1b0000170b48c284,Marta Gonzalez,Elizarras,20,Loss,False,34,10,4,1,7,40,18,18,11,3,1,3,5,52,25,0.48,13,0.52,27,22,0.81,9,0.33,31,0.86,3,0.5,14,0.33,6,0.27,14,0.48,5,3,0.6,9,31,7,4,0,5,-23,-25,6.25
5e2b2fb2180000eb7e6eb54e,Marta Gonzalez,van ureden,20,,False,59,10,5,0,9,24,12,10,17,7,4,3,1,62,28,0.45,14,0.5,34,33,0.97,20,0.59,36,0.9,8,0.8,36,0.51,12,0.44,11,0.58,4,3,0.75,12,12,5,12,0,1,-5,-3,6.32
5e2c6179180000d5b96eb57e,Marta Gonzalez,Bowtell,20,Loss,False,39,3,1,2,7,21,11,10,17,3,1,1,4,55,28,0.51,15,0.54,27,23,0.85,10,0.37,15,0.79,12,0.57,31,0.45,5,0.24,3,0.3,9,4,0.44,8,13,7,10,1,3,-11,-14,7.64
5e2c65b6180000d6ba6eb585,Marta Gonzalez,Budin,20,Win,False,70,21,12,0,5,29,20,7,8,12,6,3,5,60,31,0.52,21,0.68,29,24,0.83,13,0.45,41,0.8,10,1.0,38,0.58,20,0.51,12,0.6,10,7,0.7,10,19,2,6,1,4,-3,-5,10.85
5c5631df1e00006c711f565f,Alana Smith,Nell Miller,19,Win,False,59,10,4,1,4,38,16,17,3,8,5,1,2,53,27,0.51,17,0.63,26,24,0.92,17,0.65,25,0.89,15,0.75,36,0.63,16,0.44,7,0.44,6,6,1.0,19,19,3,0,1,1,-24,-25,8.66
5c58c0e52100005224e8a474,Alana Smith,Nicoara,19,Win,True,57,16,7,0,5,22,12,9,2,8,5,3,0,38,21,0.55,17,0.81,17,17,1.0,13,0.76,37,0.86,7,0.78,35,0.61,17,0.71,5,0.42,4,4,1.0,11,11,2,0,0,0,-1,2,9.39
5c6b0e911900001e2f41548b,Alana Smith,Tattini,19,Win,True,56,19,12,4,2,25,7,16,6,11,5,2,3,44,25,0.57,18,0.72,19,16,0.84,10,0.53,22,0.71,18,0.9,37,0.56,17,0.61,2,0.67,4,4,1.0,13,12,4,2,1,2,-4,-5,10.23
5c79507f19000041488520e2,Alana Smith,Daavetelia,19,Loss,True,66,24,11,6,2,51,30,18,1,11,4,4,1,63,41,0.65,26,0.63,22,21,0.95,9,0.41,41,0.82,15,0.79,42,0.54,16,0.44,8,0.4,4,3,0.75,24,27,0,1,1,0,-25,-22,16.92
5c7c8539270000c6130271cc,Alana Smith,Jovic,19,Win,True,58,12,5,5,0,18,14,3,3,14,5,5,2,52,29,0.56,20,0.69,23,21,0.91,12,0.52,21,0.81,12,0.86,52,0.63,4,0.4,2,0.5,9,7,0.78,10,8,2,1,2,0,-6,-3,11.15
5c880ac51f00002d00c49036,Alana Smith,Navarro,19,Win,True,58,14,9,2,1,25,10,13,0,13,5,2,1,41,21,0.51,18,0.86,20,19,0.95,13,0.65,31,0.89,8,1.0,39,0.65,16,0.64,3,0.6,5,5,1.0,10,15,0,0,0,1,-10,-9,9.22
5c8810da1f00004502c49042,Alana Smith,earnhard,19,Win,True,53,19,4,3,7,23,10,7,0,10,6,1,3,39,27,0.69,21,0.78,12,9,0.75,5,0.42,26,0.84,9,1.0,30,0.65,14,0.61,9,0.64,7,6,0.86,10,13,0,0,2,1,3,1,14.54
5c968d381c00006c8ddfe711,Alana Smith,Achong,19,Win,False,96,26,10,4,25,50,23,18,11,11,8,4,4,90,52,0.58,31,0.6,38,34,0.89,21,0.55,49,0.86,25,0.78,53,0.5,26,0.49,17,0.74,11,8,0.73,25,25,7,4,0,4,1,1,17.91
5c9820621d00004621f8829d,Alana Smith,Kozar,19,,False,81,26,17,4,0,42,22,14,0,14,6,5,2,67,35,0.52,26,0.74,32,30,0.94,15,0.47,41,0.87,15,0.79,50,0.62,16,0.47,15,0.6,6,5,0.83,17,25,0,0,0,2,-16,-13,13.58
5cb0a1551900000c64ffc6ff,Alana Smith,Soloeva,19,Loss,False,70,19,9,2,0,58,38,14,0,8,3,0,1,70,45,0.64,25,0.56,25,24,0.96,15,0.6,48,0.86,11,0.79,34,0.52,20,0.44,16,0.5,7,5,0.71,25,33,0,0,1,0,-39,-40,16.07
5cb09f7d190000ae63ffc6fb,Alana Smith,Salas,19,Loss,False,114,23,13,4,0,77,48,23,0,17,6,6,4,115,68,0.59,40,0.59,47,43,0.91,21,0.45,46,0.79,36,0.8,78,0.51,26,0.46,10,0.5,12,8,0.67,35,42,0,0,1,3,-54,-52,23.65
5cd4c995230000aa3df5ee8e,Alana Smith,rasmussen,19,Win,False,60,6,2,2,3,17,8,8,4,10,4,1,4,50,25,0.5,20,0.8,25,21,0.84,15,0.6,17,0.63,16,0.76,50,0.61,6,0.5,4,0.5,5,5,1.0,8,9,4,0,1,3,-8,-11,10.0
5d9415ca1800005a5dcaa8f5,Alana Smith,wolfberg,20,Win,False,73,15,8,3,27,22,9,12,17,14,7,2,4,59,34,0.58,23,0.68,25,21,0.84,11,0.44,39,0.75,14,0.78,50,0.53,16,0.55,7,0.78,5,4,0.8,10,12,13,4,4,0,20,18,13.25
5d93b0b2180000cc4fcaa8e8,Alana Smith,mattel,20,Loss,False,70,12,8,2,8,38,20,13,5,12,5,4,6,66,36,0.55,23,0.64,30,24,0.8,11,0.37,33,0.82,26,0.9,49,0.54,14,0.42,7,0.47,8,5,0.62,18,20,4,1,2,4,-18,-20,12.55
5d941a86180000195ecaa8f9,Alana Smith,boulais,20,Win,False,67,11,6,2,3,40,22,18,1,9,5,5,1,65,36,0.55,25,0.69,29,28,0.97,16,0.55,39,0.85,7,0.5,46,0.56,11,0.41,10,0.59,4,4,1.0,26,14,1,0,1,0,-26,-22,13.85
5d94a0c22100000b07a34457,Alana Smith,emma,20,Win,False,61,15,7,4,13,18,11,6,10,10,6,5,3,56,28,0.5,17,0.61,28,25,0.89,14,0.5,21,0.68,21,0.91,35,0.5,17,0.61,9,0.75,6,6,1.0,10,8,6,4,1,2,10,12,8.5
5d976b0d210000765ba3449a,Alana Smith,adriana reami,20,Win,False,58,20,8,3,6,32,22,10,4,6,4,0,0,50,23,0.46,14,0.61,27,27,1.0,21,0.78,20,0.67,17,0.89,32,0.54,18,0.56,8,0.89,9,8,0.89,17,15,2,2,0,0,-6,-6,6.44
5e24b2861b00005d0e48c299,Alana Smith,Safont,20,Win,True,51,10,4,4,19,15,12,2,11,10,6,5,2,39,24,0.62,20,0.83,15,13,0.87,4,0.27,23,0.82,12,0.86,34,0.61,14,0.58,3,0.75,7,6,0.86,8,7,6,5,2,0,14,17,12.31
5e21f53f2100005c530175bc,Alana Smith,Adams,20,Win,False,56,10,4,3,7,18,10,8,3,7,4,2,0,42,23,0.55,17,0.74,19,19,1.0,15,0.79,24,0.89,11,1.0,45,0.74,6,0.4,5,0.42,5,5,1.0,13,5,0,3,0,0,-1,1,9.31
5e21fca621000012540175c0,Alana Smith,Bakhodirova,20,Win,False,55,9,8,0,2,26,15,7,2,7,5,7,2,49,28,0.57,19,0.68,21,19,0.9,12,0.57,30,0.94,5,0.62,38,0.6,12,0.57,5,0.56,4,4,1.0,12,14,2,0,1,1,-15,-10,10.86
5e250c4f1b0000f41d48c2ab,Alana Smith,Horvit,20,Win,True,86,21,10,5,22,26,14,10,21,11,4,9,2,78,48,0.62,41,0.85,30,28,0.93,15,0.5,40,0.74,17,0.85,52,0.57,30,0.53,4,0.31,11,10,0.91,12,14,15,6,0,2,17,24,25.23
5e3780581e0000561de0580e,Alana Smith,Smagina,20,Win,True,67,22,10,5,16,25,13,9,15,9,5,1,2,70,42,0.6,23,0.55,28,26,0.93,15,0.54,39,0.78,12,0.86,43,0.5,20,0.53,4,0.33,6,5,0.83,14,11,11,4,2,0,13,12,13.8
5e373fd71e0000ab16e057fc,Alana Smith,Kessler,20,Incomplete,False,61,13,10,2,1,48,32,13,1,9,4,2,1,64,34,0.53,22,0.65,30,29,0.97,17,0.57,32,0.89,15,0.79,38,0.58,12,0.39,11,0.42,10,7,0.7,22,26,1,0,0,1,-34,-33,11.69
5e5af45b1b00009ee83e6572,Alana Smith,Campana,20,Loss,False,64,16,5,8,1,33,14,18,10,8,3,1,3,69,38,0.55,20,0.53,31,28,0.9,17,0.55,37,0.86,14,0.88,49,0.52,13,0.43,2,0.4,6,5,0.83,19,14,5,5,1,2,-16,-18,11.01
5e5d9bba1e00009f809b3740,Alana Smith,Subhash,20,Loss,False,86,28,7,9,9,57,32,22,7,11,5,3,0,84,45,0.54,28,0.62,39,39,1.0,19,0.49,52,0.88,24,0.92,46,0.51,20,0.49,20,0.49,6,6,1.0,29,28,3,4,0,0,-20,-17,15.0
6005a7704300008589832403,Alana Smith,Johansen,21,Win,True,75,17,10,4,5,41,17,19,10,9,7,5,2,76,50,0.66,27,0.54,26,24,0.92,14,0.54,32,0.86,14,0.78,54,0.59,16,0.41,5,0.5,9,6,0.67,26,15,9,1,2,0,-19,-16,17.76
6011d0eb420000d40c5aeb8c,Alana Smith,Byrne,21,Win,True,56,20,8,2,8,24,12,11,9,4,4,3,4,53,34,0.64,25,0.74,19,15,0.79,8,0.42,27,0.84,15,1.0,39,0.67,11,0.42,6,0.33,5,5,1.0,12,12,2,7,3,1,4,3,16.04
601434ac420000d1575aebb2,Alana Smith,Stolmar,21,Win,True,57,14,8,4,0,27,6,21,1,9,6,3,4,52,29,0.56,20,0.69,23,19,0.83,10,0.43,21,0.81,12,1.0,38,0.61,14,0.56,5,0.62,5,5,1.0,17,10,1,0,3,1,-13,-14,11.15
6032c2ec420000fa2117d8d0,Alana Smith,Anna Campana,21,,True,73,8,2,3,2,28,14,13,9,10,6,4,2,73,36,0.49,24,0.67,37,35,0.95,20,0.54,32,0.8,22,0.85,56,0.55,10,0.4,7,0.54,10,7,0.7,16,12,7,2,1,1,-18,-16,11.84
60330c0542000012b817d8e8,Alana Smith,Carly Briggs,21,Win,True,53,12,9,0,5,25,12,10,3,5,5,4,3,48,33,0.69,22,0.67,15,12,0.8,9,0.6,19,0.86,14,0.78,27,0.57,20,0.67,6,0.55,8,7,0.88,12,13,2,1,1,2,-8,-7,15.12
6058b177450000a7a37c6139,Alana Smith,Kylie Wilcox,21,Win,True,88,14,9,5,0,46,21,23,1,12,5,13,4,81,49,0.6,35,0.71,32,28,0.88,16,0.5,29,0.71,25,0.74,69,0.59,17,0.4,2,0.29,10,9,0.9,29,17,1,0,2,2,-32,-23,21.17
6058b539450000ada37c6143,Alana Smith,Yusupova,21,Win,False,81,22,12,7,0,50,28,21,0,10,3,8,5,75,43,0.57,34,0.79,32,27,0.84,17,0.53,42,0.81,16,0.7,49,0.56,20,0.51,12,0.46,12,11,0.92,27,23,0,0,3,2,-28,-25,19.49
605bb05544000093228b7c13,Jaeda Daniel,Safont,21,Incomplete,False,53,16,7,3,9,22,14,7,8,7,6,1,6,43,24,0.56,15,0.62,19,13,0.68,9,0.47,30,1.0,8,0.73,32,0.59,11,0.58,10,0.56,4,3,0.75,4,18,4,4,3,3,3,-2,8.37
605bb0574400002a058b7c14,Alana Smith,Maquet,21,Win,False,60,17,6,8,0,26,15,9,0,7,5,5,5,51,29,0.57,21,0.72,22,17,0.77,12,0.55,18,0.95,23,0.79,36,0.56,18,0.64,6,0.55,9,7,0.78,13,13,0,0,2,3,-9,-9,11.94
6070d1b7450000c52cfd24c2,Alana Smith,Nika Kozar,21,Win,False,53,17,8,2,11,22,10,11,2,6,5,4,0,43,22,0.51,19,0.86,21,21,1.0,12,0.57,20,0.77,7,0.78,30,0.59,18,0.9,5,0.5,4,4,1.0,10,12,2,0,0,0,6,10,9.72
607392b246000048e5201797,Alana Smith,Subhash,21,Loss,False,76,26,13,11,0,64,33,28,0,12,5,4,5,77,41,0.53,27,0.66,36,31,0.86,14,0.39,44,0.85,19,0.9,46,0.51,20,0.47,10,0.45,10,7,0.7,30,34,0,0,2,3,-38,-39,14.38
610c369d3f0000d84fafd466,Alana Smith,tutunaru,21,Win,True,62,9,4,1,13,11,6,5,13,8,4,5,1,45,27,0.6,22,0.81,18,17,0.94,14,0.78,31,0.82,5,0.83,47,0.73,10,0.43,5,0.71,6,6,1.0,5,6,5,8,1,0,11,15,13.2
611d187c4100001d020b8124,Alana Smith,Cancini,21,Win,False,53,12,2,2,16,15,6,8,10,8,4,4,2,43,27,0.63,21,0.78,16,14,0.88,11,0.69,23,1.0,10,0.62,37,0.62,14,0.67,2,0.5,8,8,1.0,8,7,4,6,0,2,13,15,13.19
5c58c332210000ad24e8a478,Dylan Cannon,Pons,19,Win,True,48,11,6,2,2,20,13,7,2,7,7,3,4,35,17,0.49,11,0.65,18,14,0.78,9,0.5,20,0.77,12,1.0,30,0.61,15,0.79,3,0.38,6,5,0.83,7,13,2,0,1,3,-7,-8,5.34
5e2b2a33180000207e6eb545,Dylan Cannon,Angelsjo,20,Incomplete,True,30,2,0,0,7,17,11,6,7,2,2,0,2,32,23,0.72,12,0.52,9,7,0.78,3,0.33,19,0.9,2,0.29,16,0.43,11,0.55,3,0.75,6,3,0.5,10,7,2,5,1,1,-8,-10,8.62
5e2c64f7180000b3ba6eb584,Dylan Cannon,El Jardi,20,Win,False,59,13,5,3,8,9,7,2,17,8,6,1,3,53,35,0.66,23,0.66,18,15,0.83,8,0.44,22,0.73,9,0.75,46,0.6,11,0.61,2,0.67,9,6,0.67,7,2,9,8,0,3,12,10,15.19
5e2c61d918000034ba6eb57f,Dylan Cannon,Budin,20,Win,False,104,25,14,3,8,65,50,13,14,17,8,3,9,111,60,0.54,35,0.58,51,42,0.82,23,0.45,60,0.8,16,0.64,62,0.46,29,0.52,13,0.52,12,9,0.75,22,43,10,4,3,6,-32,-38,18.92
5c58c2432100008d24e8a476,Liz Norman,Ramon,19,Win,True,56,13,10,1,5,24,15,8,1,7,5,4,0,47,22,0.47,14,0.64,25,25,1.0,16,0.64,20,0.83,13,0.93,40,0.62,12,0.63,4,0.8,8,7,0.88,6,18,1,0,0,0,-6,-2,6.55
5c56484d1e0000ed721f5662,Liz Norman,Bridgeforth,19,Win,False,66,19,8,5,6,42,24,14,6,12,8,1,4,60,29,0.48,17,0.59,31,27,0.87,11,0.35,38,0.93,21,1.0,36,0.6,13,0.37,17,0.53,10,5,0.5,9,33,3,3,2,2,-17,-20,8.22
5c6b150c190000c82f415494,Liz Norman,Voloh,19,Win,True,57,3,3,0,9,31,21,5,2,7,4,0,2,49,25,0.51,17,0.68,24,22,0.92,14,0.58,19,0.83,14,0.78,33,0.59,14,0.52,10,0.83,5,4,0.8,8,23,1,1,1,1,-19,-21,8.67
5c6b105c1900004e2f41548d,Liz Norman,Hung,19,Win,True,54,15,10,0,2,21,14,6,1,7,5,3,0,43,21,0.49,15,0.71,22,22,1.0,14,0.64,19,0.79,11,0.79,39,0.67,12,0.55,3,0.6,4,4,1.0,5,16,1,0,0,0,-4,-1,7.33
5c79517419000059488520e4,Liz Norman,Mora,19,Loss,True,32,12,6,4,3,39,26,13,2,5,2,0,2,42,20,0.48,7,0.35,22,20,0.91,7,0.32,32,0.84,8,0.89,16,0.32,10,0.43,6,0.38,5,2,0.4,12,27,2,0,0,2,-24,-26,3.33
5c7c8eed2700006a140271d5,Liz Norman,Neely,19,Loss,True,73,5,3,1,1,39,24,14,5,8,2,3,6,74,25,0.34,21,0.84,49,43,0.88,23,0.47,29,0.66,21,0.75,51,0.47,15,0.5,7,0.54,6,6,1.0,21,18,3,2,2,4,-33,-36,7.09
5c7e98ed270000476f027224,Liz Norman,Waldron,19,Win,True,77,15,10,3,0,44,32,11,0,14,5,2,2,67,46,0.69,31,0.67,21,19,0.9,10,0.48,52,0.9,16,0.89,40,0.62,17,0.36,20,0.61,9,7,0.78,17,27,0,0,1,1,-29,-28,21.28
5c880ce71f0000be00c49038,Liz Norman,Miller,19,Loss,True,56,7,3,1,3,28,11,16,3,11,4,0,6,58,26,0.45,17,0.65,32,26,0.81,14,0.44,14,0.58,19,0.83,37,0.48,10,0.48,9,0.69,5,5,1.0,8,20,1,2,3,3,-18,-24,7.62
5c981f291d00000921f8829c,Liz Norman,Sorkin,19,Win,False,53,11,8,2,1,24,16,7,0,5,4,0,2,47,20,0.43,14,0.7,27,25,0.93,20,0.74,24,0.96,9,0.82,22,0.63,16,0.62,15,0.62,9,8,0.89,8,16,0,0,0,2,-12,-14,5.96
5c968eb21c0000868ddfe713,Liz Norman,Shirikova,19,Loss,False,70,23,17,1,12,43,31,10,23,8,3,0,2,73,38,0.52,24,0.63,35,33,0.94,16,0.46,44,0.88,25,0.96,41,0.48,21,0.45,8,0.44,5,5,1.0,11,32,11,12,1,1,-8,-10,12.49
5cb0a44b190000cb64ffc701,Liz Norman,Santos,19,Loss,False,49,8,6,1,8,38,25,12,6,13,4,0,2,52,36,0.69,13,0.36,16,14,0.88,7,0.44,36,0.86,14,0.88,35,0.48,10,0.31,4,0.4,5,4,0.8,10,28,4,2,1,1,-22,-24,9.0
5cb0a031190000a463ffc6fc,Liz Norman,Das,19,Loss,False,27,9,4,1,4,33,18,11,9,6,1,0,3,40,28,0.7,8,0.29,12,9,0.75,5,0.42,20,0.77,9,0.9,17,0.36,5,0.23,5,0.45,7,1,0.14,12,21,1,8,1,2,-20,-23,5.6
5cd4cb0b230000dd3df5ee90,Liz Norman,Yano,19,Incomplete,False,75,15,11,4,0,52,35,14,0,12,6,3,7,70,36,0.51,22,0.61,34,27,0.79,14,0.41,50,0.89,13,0.93,38,0.54,12,0.35,25,0.62,5,4,0.8,15,37,0,0,3,4,-37,-41,11.31
5e24b3eb1b0000810e48c29a,Liz Norman,Imperato,20,Win,True,51,16,10,3,4,16,7,8,1,8,5,3,1,36,20,0.56,18,0.9,16,15,0.94,12,0.75,19,0.9,6,0.75,30,0.7,15,0.71,6,0.75,8,7,0.88,6,10,1,0,0,1,4,6,10.0
5e2b290a180000d57d6eb543,Liz Norman,Mccay,20,Win,True,61,10,3,2,10,16,9,6,11,8,5,7,0,49,23,0.47,16,0.7,26,26,1.0,17,0.65,25,0.83,12,0.86,39,0.65,16,0.64,6,0.43,6,6,1.0,5,11,5,6,0,0,4,11,7.51
5e2b2e3a180000b37e6eb54c,Liz Norman,Tanik,20,Win,True,55,14,10,3,13,12,3,7,9,14,6,3,5,48,19,0.4,14,0.74,29,24,0.83,15,0.52,14,0.67,23,0.96,45,0.62,6,0.5,4,0.44,4,4,1.0,1,11,3,6,2,3,15,13,5.54
5e2c64771800008fba6eb583,Liz Norman,Hsieh,20,Win,False,59,5,2,1,5,32,18,12,3,17,7,0,6,54,31,0.57,17,0.55,23,17,0.74,8,0.35,29,0.85,13,1.0,45,0.58,9,0.53,5,0.42,5,4,0.8,12,20,2,1,3,3,-22,-28,9.76
5e2c60db180000d5b96eb57d,Liz Norman,Huang,20,Loss,False,60,12,5,1,10,24,13,10,20,14,4,0,1,60,36,0.6,20,0.56,24,23,0.96,10,0.42,30,0.86,18,0.86,32,0.51,20,0.51,8,0.38,5,4,0.8,10,14,7,13,0,1,-2,-3,12.0
5e3620061a0000dce91ba49a,Liz Norman,Berlin,20,Win,False,62,3,2,0,8,31,15,13,6,15,7,2,4,59,26,0.44,16,0.62,33,29,0.88,12,0.36,31,0.91,14,1.0,32,0.65,13,0.52,17,0.46,10,5,0.5,5,26,3,3,0,4,-20,-22,7.05
601832bc42000006da5aec2f,Liz Norman,Angelsjo,21,Win,True,56,8,3,0,0,25,18,7,0,11,6,5,2,43,24,0.56,17,0.71,19,17,0.89,10,0.53,29,0.91,11,0.85,35,0.62,15,0.68,6,0.55,4,4,1.0,4,21,0,0,1,1,-17,-14,9.49
5c469405170000344ebe45bc,Amanda Rebol,Elizarraras,19,Win,False,78,25,4,5,12,30,10,13,7,14,9,0,6,69,48,0.7,28,0.58,21,15,0.71,7,0.33,48,0.98,9,1.0,24,0.52,32,0.74,22,0.51,8,4,0.5,18,12,3,4,1,5,7,1,19.48
5c473c82210000ec15d0e7ba,Amanda Rebol,Paladini,19,,False,54,6,0,1,1,33,18,12,1,8,4,0,6,53,35,0.66,19,0.54,18,12,0.67,6,0.33,27,0.9,21,0.95,23,0.44,13,0.45,18,0.62,5,4,0.8,14,19,1,0,3,3,-26,-32,12.55
5c56539e1e0000b4731f5665,Amanda Rebol,Peet,19,Loss,False,68,3,1,1,0,29,11,18,0,10,5,0,13,73,45,0.62,29,0.64,28,15,0.54,5,0.18,44,0.88,16,0.89,43,0.5,19,0.46,6,0.29,6,4,0.67,10,19,0,0,10,3,-26,-39,17.88
5c6b113f1900005e2f41548f,Amanda Rebol,Heimuli,19,,True,74,7,2,4,3,43,16,26,3,8,6,0,6,78,55,0.71,36,0.65,23,17,0.74,9,0.39,29,0.71,15,0.65,48,0.51,21,0.54,5,0.38,11,7,0.64,21,22,2,1,2,4,-33,-39,25.38
5c6b159f190000b62f415495,Amanda Rebol,Petersen,19,Loss,True,35,2,1,0,0,35,14,18,1,8,1,0,4,46,31,0.67,15,0.48,15,11,0.73,3,0.2,19,0.83,11,0.85,14,0.35,12,0.5,9,0.41,8,2,0.25,16,19,1,0,2,2,-33,-37,10.11
5c7952691900006a488520e6,Amanda Rebol,Pizer,19,,True,65,20,8,4,8,27,12,11,2,6,2,0,2,58,43,0.74,32,0.74,15,13,0.87,7,0.47,30,0.83,18,0.9,25,0.51,23,0.64,17,0.57,9,7,0.78,15,12,1,1,0,2,1,-1,23.72
5c7d33bf270000cf280271d9,Amanda Rebol,Wong,19,Win,True,59,16,3,2,0,16,7,8,0,8,6,0,5,53,35,0.66,21,0.6,18,13,0.72,10,0.56,27,1.0,14,1.0,21,0.58,26,0.72,12,0.5,9,6,0.67,10,6,0,0,4,1,0,-5,13.87
5c880db61f0000e500c4903a,Amanda Rebol,Marti,19,Win,True,74,24,9,5,2,46,24,15,1,15,7,0,4,60,44,0.73,26,0.59,16,12,0.75,8,0.5,41,0.91,21,0.81,30,0.54,28,0.58,16,0.53,10,6,0.6,18,28,0,1,2,2,-20,-24,19.07
5c8812291f0000a302c49045,Amanda Rebol,Morse,19,Win,True,55,14,1,3,4,19,8,11,0,10,7,0,4,43,31,0.72,20,0.65,12,8,0.67,4,0.33,36,0.9,6,1.0,17,0.49,24,0.8,14,0.58,7,5,0.71,11,8,0,0,2,2,-1,-5,14.42
5c9690211c0000988ddfe715,Amanda Rebol,Madcur,19,Win,False,67,15,4,6,0,39,10,24,0,10,6,0,9,65,39,0.6,23,0.59,26,17,0.65,9,0.35,47,0.94,13,0.81,21,0.49,15,0.54,31,0.51,11,6,0.55,14,25,0,0,4,5,-24,-33,13.8
5c98211f1d00003321f8829e,Amanda Rebol,Disenbergen,19,Win,False,56,9,5,2,0,18,8,10,0,12,6,2,8,40,24,0.6,21,0.88,16,8,0.5,6,0.38,31,0.79,9,1.0,35,0.59,11,0.65,10,0.67,4,4,1.0,6,12,0,0,2,6,-9,-15,12.6
5cb0a086190000da63ffc6fd,Amanda Rebol,Garcia,19,Loss,False,31,8,3,2,0,31,16,13,0,8,3,0,5,41,29,0.71,10,0.34,12,7,0.58,2,0.17,24,0.96,15,0.88,13,0.34,8,0.35,10,0.43,8,1,0.12,15,16,0,0,3,2,-23,-28,7.07
5cd4cc56230000303ef5ee92,Amanda Rebol,ifidzhen,19,Win,False,79,15,5,4,7,7,2,3,12,14,8,2,7,73,50,0.68,32,0.64,23,16,0.7,8,0.35,45,0.92,14,0.93,50,0.55,19,0.48,10,0.67,8,8,1.0,4,3,5,7,3,4,15,10,21.92
5c6b162e190000f82f415496,Claudia Wiktorin,Balasch,19,Win,True,69,7,3,0,13,24,20,1,13,14,6,0,6,69,49,0.71,29,0.59,20,14,0.7,7,0.35,43,0.9,11,0.92,33,0.48,26,0.68,10,0.4,6,6,1.0,7,17,9,4,2,4,-4,-10,20.59
5c8812911f0000f201c49046,Claudia Wiktorin,Swope,19,Win,True,66,15,10,1,0,22,13,9,1,11,5,9,2,55,40,0.73,29,0.72,15,13,0.87,7,0.47,40,0.91,10,0.91,42,0.59,18,0.64,6,0.46,6,5,0.83,11,11,1,0,1,1,-7,0,21.09
5c473b72210000da15d0e7b9,Bianca Moldovan,rettich,19,Win,False,56,19,6,7,1,11,3,7,1,10,7,1,0,35,26,0.74,21,0.81,9,9,1.0,5,0.56,28,0.82,12,1.0,27,0.68,26,0.72,3,0.5,4,4,1.0,0,11,1,0,0,0,9,10,15.6
5c564df41e000023731f5663,Bianca Moldovan,Sella,19,Win,False,65,19,4,7,0,28,17,9,0,11,6,1,4,57,36,0.63,26,0.72,21,17,0.81,9,0.43,36,0.92,12,1.0,31,0.57,18,0.6,16,0.62,6,5,0.83,6,22,0,0,2,2,-9,-12,16.42
5c58c2c22100008d24e8a477,Bianca Moldovan,Boada,19,Win,True,54,11,5,2,10,16,7,6,3,11,6,2,3,39,24,0.62,20,0.83,15,12,0.8,7,0.47,23,0.88,14,1.0,31,0.7,13,0.57,10,0.71,4,4,1.0,3,13,0,3,2,1,5,4,12.31
5c6b10d0190000562f41548e,Bianca Moldovan,Hekking,19,Win,True,60,14,5,5,5,27,13,12,4,12,5,5,3,54,30,0.56,23,0.77,24,21,0.88,9,0.38,31,0.86,15,1.0,36,0.57,13,0.42,11,0.73,5,5,1.0,9,18,3,1,2,1,-8,-6,12.78
5c7951d819000063488520e5,Bianca Moldovan,Aney,19,Loss,True,76,24,4,6,3,48,28,16,6,11,4,3,2,69,49,0.71,36,0.73,20,18,0.9,8,0.4,33,0.7,30,0.94,48,0.53,17,0.49,11,0.46,10,8,0.8,18,30,3,3,0,2,-21,-20,25.57
5c7d2b90270000cd270271d8,Bianca Moldovan,Hamlin,19,,True,70,14,6,3,1,38,26,9,3,3,2,7,2,68,43,0.63,31,0.72,25,23,0.92,16,0.64,26,0.67,14,0.74,56,0.56,12,0.44,2,0.33,11,9,0.82,15,23,2,1,1,1,-23,-18,19.6
5c8811711f00008102c49044,Bianca Moldovan,Daniel,19,Win,True,59,8,2,2,4,27,13,11,0,13,6,5,2,44,24,0.55,20,0.83,20,18,0.9,9,0.45,24,0.77,17,1.0,39,0.65,10,0.56,10,0.62,4,4,1.0,10,17,0,0,0,2,-15,-12,10.91
5c880d501f00002301c49039,Bianca Moldovan,Angylosy,19,Win,True,56,9,5,3,7,24,13,11,3,10,6,2,2,46,22,0.48,17,0.77,24,22,0.92,12,0.5,33,0.97,8,0.73,38,0.67,8,0.47,10,0.59,8,6,0.75,6,18,1,2,1,1,-8,-8,8.13
5c981d681d0000a420f8829b,Bianca Moldovan,Gillas,19,Loss,False,47,8,1,4,0,43,24,18,0,7,1,2,2,50,26,0.52,17,0.65,24,22,0.92,9,0.38,36,0.88,10,0.91,32,0.48,9,0.33,6,0.46,5,4,0.8,16,27,0,0,0,2,-35,-35,8.84
5cd4cc0d230000313ef5ee91,Bianca Moldovan,witmus,19,Win,False,50,7,1,2,0,17,7,8,0,8,6,3,0,40,24,0.6,15,0.62,16,16,1.0,11,0.69,22,1.0,10,1.0,31,0.74,9,0.5,10,0.67,4,4,1.0,7,10,0,0,0,0,-10,-7,9.0
5c4739082100009d15d0e7b6,Anna Rogers,Hofbauer,19,Win,False,58,13,5,2,0,30,16,12,0,10,5,1,1,46,34,0.74,24,0.71,12,11,0.92,7,0.58,29,0.83,14,0.82,41,0.67,11,0.48,6,0.4,8,7,0.88,15,15,0,0,0,1,-17,-17,17.74
5c4734c82100004815d0e7b4,Anna Rogers,Bakhodirova,19,Win,False,82,26,9,6,8,46,24,20,7,13,9,3,4,80,49,0.61,28,0.57,31,27,0.87,14,0.45,50,0.91,12,0.86,33,0.47,29,0.59,20,0.59,6,5,0.83,23,23,5,2,2,2,-12,-13,17.15
5c562aac1e0000a1701f565e,Anna Rogers,Maltby,19,Loss,False,87,18,7,5,3,57,27,29,2,9,6,3,5,84,47,0.56,33,0.7,37,32,0.86,16,0.43,44,0.88,22,0.88,49,0.55,20,0.47,18,0.56,10,6,0.6,20,37,2,0,1,4,-36,-38,18.46
5c58c0a82100003a24e8a473,Anna Rogers,Castillo,19,Win,True,48,13,8,4,3,11,9,2,0,6,6,4,0,29,19,0.66,17,0.89,10,10,1.0,7,0.7,10,0.77,12,1.0,33,0.8,9,0.75,6,1.0,3,3,1.0,6,5,0,0,0,0,5,9,11.14
5c69a8001d0000520f99d5b2,Anna Rogers,Chisholm,19,,True,70,19,3,1,5,43,13,22,11,10,4,1,6,77,41,0.53,29,0.71,36,30,0.83,14,0.39,38,0.86,20,0.77,43,0.47,17,0.45,10,0.56,10,6,0.6,22,21,6,5,3,3,-19,-24,15.44
5c794e7f190000fb478520e1,Anna Rogers,Jones,19,Loss,True,93,18,6,3,4,65,26,36,3,15,7,3,5,93,55,0.59,29,0.53,38,33,0.87,19,0.5,62,0.93,18,0.75,44,0.47,32,0.5,17,0.52,10,5,0.5,21,44,2,1,4,1,-43,-45,17.15
5c7c817f270000ad130271c8,Anna Rogers,suswan,19,Win,True,56,10,2,3,3,20,11,9,1,7,4,4,1,42,28,0.67,21,0.75,14,13,0.93,11,0.79,17,0.71,14,0.88,43,0.63,11,0.73,2,0.67,8,8,1.0,12,8,1,0,0,1,-7,-4,14.0
5c880a771f00003700c49035,Anna Rogers,leduc,19,Win,True,52,5,2,3,3,18,13,5,2,5,4,5,1,42,21,0.5,16,0.76,21,20,0.95,16,0.76,17,0.94,14,0.74,41,0.69,5,0.31,6,0.86,4,4,1.0,11,7,2,0,1,0,-10,-6,8.0
5c88105c1f00002a02c49041,Anna Rogers,Sevo,19,Win,True,52,16,5,1,12,16,7,8,7,7,5,2,2,41,20,0.49,16,0.8,21,19,0.9,13,0.62,22,0.85,9,1.0,25,0.62,13,0.65,14,0.74,4,4,1.0,9,7,4,3,0,2,12,12,7.8
5c980a4f1d0000c11df88296,Anna Rogers,Novotna,19,Incomplete,False,39,4,2,1,7,15,8,7,2,5,3,2,1,39,27,0.69,16,0.59,12,11,0.92,8,0.67,15,0.83,7,1.0,27,0.64,7,0.47,5,0.5,6,6,1.0,5,10,2,0,0,1,-4,-3,11.08
5c968c481c00004e8ddfe710,Anna Rogers,sonnariba,19,Win,False,93,25,10,4,22,59,39,17,18,13,4,3,8,101,58,0.57,41,0.71,43,35,0.81,18,0.42,45,0.76,17,0.81,45,0.51,20,0.48,28,0.52,11,10,0.91,27,32,6,12,4,4,-12,-17,23.54
5cd4c83f230000543df5ee8d,Anna Rogers,delgado,19,Loss,False,36,6,1,0,1,48,18,26,1,3,2,3,0,52,33,0.63,15,0.45,19,19,1.0,6,0.32,25,0.83,10,0.77,21,0.42,5,0.21,10,0.43,9,3,0.33,22,26,0,1,0,0,-41,-38,9.52
5d9414e61800002a5dcaa8f3,Anna Rogers,Ito,20,Win,False,62,19,2,5,0,30,14,11,3,10,4,5,1,57,37,0.65,28,0.76,20,19,0.95,10,0.5,30,0.91,12,0.8,34,0.62,22,0.56,6,0.5,10,8,0.8,13,17,2,1,1,0,-11,-7,18.18
5d93afc1180000664fcaa8e7,Anna Rogers,Detkovskaya,20,Win,False,66,10,4,3,4,33,16,16,2,13,5,2,0,55,24,0.44,16,0.67,31,31,1.0,19,0.61,43,0.88,7,0.88,38,0.59,22,0.58,6,0.5,9,7,0.78,19,14,1,1,0,0,-19,-17,6.98
5d94a0812100000b07a34456,Anna Rogers,merteena,20,Win,False,64,15,6,2,15,18,10,7,13,6,6,6,0,58,42,0.72,27,0.64,16,16,1.0,8,0.5,33,0.87,17,0.89,34,0.61,18,0.53,12,0.48,6,5,0.83,9,9,8,5,0,0,12,18,19.55
5d941a3d180000295ecaa8f8,Anna Rogers,Sleeth,20,Loss,False,38,18,3,4,0,39,18,14,3,2,2,0,2,47,23,0.49,14,0.61,24,22,0.92,6,0.25,28,0.93,11,0.73,16,0.44,10,0.31,12,0.48,4,2,0.5,18,21,3,0,1,1,-21,-23,6.85
5d976b55210000765ba3449b,Anna Rogers,Sofia Munera,20,Win,False,66,15,7,4,7,25,11,14,2,7,5,5,0,51,32,0.63,25,0.78,19,19,1.0,12,0.63,37,0.84,10,0.91,38,0.62,21,0.64,7,0.54,6,5,0.83,11,14,1,1,0,0,-3,2,15.69
5e21f4872100004d530175bb,Anna Rogers,Kozarov,20,Loss,False,39,7,2,2,4,27,13,14,10,5,2,3,4,47,31,0.66,17,0.55,16,12,0.75,4,0.25,27,0.79,8,0.89,26,0.46,10,0.38,3,0.27,5,3,0.6,8,19,3,7,2,2,-16,-17,11.21
5e24b2071b0000520e48c298,Anna Rogers,Dean,20,Win,True,54,6,4,1,3,13,5,8,2,10,5,4,0,32,20,0.62,18,0.9,12,12,1.0,10,0.83,23,0.85,11,0.79,48,0.75,5,0.45,1,1.0,4,4,1.0,8,5,1,1,0,0,-4,0,11.25
5e250ba71b00008b1d48c2a9,Anna Rogers,Davis,20,Win,True,58,21,4,4,15,14,3,10,9,7,4,6,3,50,30,0.6,21,0.7,20,17,0.85,14,0.7,25,0.83,12,0.92,33,0.62,15,0.6,10,0.59,9,8,0.89,10,4,3,6,2,1,22,25,12.6
5e21f8812100009c530175bf,Anna Rogers,Morales,20,Win,False,67,5,2,3,2,39,22,15,3,8,6,1,3,63,37,0.59,23,0.62,26,23,0.88,15,0.58,30,0.83,13,0.87,38,0.54,20,0.65,9,0.6,6,6,1.0,19,20,1,2,2,1,-32,-34,13.51
5e2b2738180000ce7d6eb540,Anna Rogers,Pisareva,20,Loss,True,49,9,1,3,0,43,25,16,0,8,4,3,3,52,33,0.63,17,0.52,19,16,0.84,7,0.37,28,0.8,18,0.82,27,0.42,16,0.48,6,0.43,9,3,0.33,24,19,0,0,1,2,-34,-34,10.79
5e2b2c5e1800008a7e6eb549,Anna Rogers,Hofbauer,20,Win,True,60,10,2,1,12,17,9,7,10,10,4,5,1,52,30,0.58,22,0.73,22,21,0.95,13,0.59,20,0.74,17,0.89,35,0.62,18,0.55,7,0.54,5,5,1.0,4,13,5,5,0,1,5,9,12.69
5e3780ec1e0000611de0580f,Anna Rogers,Malkia,20,Win,True,61,19,10,5,1,29,13,13,0,10,4,4,3,57,39,0.68,28,0.72,18,15,0.83,9,0.5,28,0.93,11,0.73,42,0.63,13,0.57,6,0.4,5,4,0.8,13,16,0,0,1,2,-9,-8,19.16
5e3740681e0000b016e05800,Anna Rogers,Jarskog,20,Incomplete,False,66,18,7,2,0,42,18,19,0,14,6,2,3,57,34,0.6,27,0.79,23,20,0.87,9,0.39,30,0.86,16,0.84,34,0.67,17,0.53,15,0.47,8,6,0.75,18,24,0,0,2,1,-24,-25,16.11
5e5ae5251b0000a0e53e6571,Anna Rogers,Omeru,20,Win,False,68,17,5,4,0,39,19,17,2,8,4,10,2,56,32,0.57,24,0.75,24,22,0.92,15,0.62,41,0.89,10,0.62,39,0.6,16,0.47,13,0.62,10,9,0.9,14,25,2,0,0,2,-22,-14,13.71
5e5d9c361e000011819b3741,Anna Rogers,Johansen,20,Win,False,53,11,2,1,9,26,12,12,2,8,6,3,5,44,25,0.57,17,0.68,19,14,0.74,9,0.47,28,0.9,8,0.67,28,0.55,17,0.59,8,0.67,5,5,1.0,12,14,0,2,4,1,-6,-8,9.66
6011cfcf420000980b5aeb8a,Anna Rogers,Shusharina,21,Win,True,67,4,3,0,14,31,16,15,9,13,4,1,0,58,43,0.74,29,0.67,15,15,1.0,10,0.67,27,0.84,19,0.86,44,0.6,19,0.51,4,0.4,6,6,1.0,14,17,5,4,0,0,-13,-12,21.5
601433cb420000de575aebb0,Anna Rogers,Zeleva,21,Win,True,91,23,8,9,1,60,30,28,0,12,8,1,3,80,49,0.61,33,0.67,31,28,0.9,14,0.45,47,0.85,25,0.89,53,0.57,16,0.46,22,0.58,6,5,0.83,24,36,0,0,1,2,-36,-38,20.21
6032c2a0420000ec2117d8cf,Anna Rogers,Carolyn Campana,21,Win,True,64,11,3,5,3,35,11,21,4,7,6,2,1,57,34,0.6,22,0.65,23,22,0.96,12,0.52,38,0.9,10,0.77,38,0.58,21,0.58,5,0.42,6,5,0.83,16,19,0,4,0,1,-21,-20,13.12
6032e37d420000dfb117d8e3,Anna Rogers,Ele Molinaro,21,Win,True,57,12,2,2,7,24,14,9,7,9,6,1,2,48,33,0.69,23,0.7,15,13,0.87,7,0.47,33,0.87,7,0.78,33,0.57,12,0.57,12,0.57,9,6,0.67,13,11,5,2,1,1,-5,-6,15.81
604f864a430000166386b5bf,Anna Rogers,Louka,21,Win,False,52,11,2,3,0,23,12,11,0,7,4,4,1,46,28,0.61,20,0.71,18,17,0.94,12,0.67,22,0.88,9,0.9,27,0.64,12,0.71,13,0.54,4,4,1.0,10,13,0,0,0,1,-12,-9,12.17
6058b1754500001fa37c6138,Anna Rogers,Yufei Long,21,Win,True,53,10,3,3,0,33,17,14,0,5,4,3,0,45,27,0.6,20,0.74,18,18,1.0,12,0.67,16,0.62,17,1.0,33,0.57,8,0.57,12,0.71,8,8,1.0,16,17,0,0,0,0,-23,-20,12.0
6058b5374500001ba37c6142,Anna Rogers,Kanapatskaya,21,Win,False,67,22,8,1,1,36,12,21,0,12,7,2,0,58,35,0.6,19,0.54,23,23,1.0,15,0.65,35,0.85,14,1.0,34,0.57,23,0.68,10,0.45,6,6,1.0,15,21,0,0,0,0,-13,-11,11.47
605bb058440000f3058b7c15,Anna Rogers,Schech,21,Win,False,56,15,4,5,14,22,5,15,2,10,6,1,2,42,31,0.74,25,0.81,11,9,0.82,4,0.36,22,0.81,15,0.88,29,0.62,13,0.57,14,0.82,8,6,0.75,12,10,1,1,1,1,7,6,18.45
6070d1b545000031cffd24c1,Anna Rogers,Tamara Itzhaki,21,Win,False,54,25,8,2,7,28,13,10,5,9,6,2,2,45,26,0.58,19,0.73,19,17,0.89,8,0.42,29,0.85,12,0.92,29,0.54,15,0.6,10,0.67,8,6,0.75,8,20,3,2,1,1,4,4,10.98
607392b146000061e3201796,Anna Rogers,Navarro,21,Loss,False,51,9,3,0,1,56,26,25,0,2,2,4,0,58,35,0.6,24,0.69,23,23,1.0,10,0.43,38,0.9,13,0.93,29,0.51,12,0.43,10,0.34,9,6,0.67,19,37,0,0,0,0,-46,-42,14.48
610c34bd3f0000824fafd465,Anna Rogers,Paula Delgado,21,Incomplete,True,49,16,3,1,9,33,15,12,5,6,3,2,0,46,31,0.67,22,0.71,15,15,1.0,5,0.33,31,0.91,8,0.89,21,0.58,7,0.47,21,0.52,5,4,0.8,12,21,2,3,0,0,-8,-6,14.83
610c3a5d3f00009b50afd46c,Anna Rogers,Naklo,21,Loss,False,37,4,1,1,10,16,8,8,19,6,1,0,2,47,27,0.57,10,0.37,20,18,0.9,11,0.55,22,0.81,16,0.94,23,0.45,10,0.34,4,0.33,8,3,0.38,9,7,11,8,2,0,-2,-4,5.74
5c58c1902100007924e8a475,Adriana Reami,Cutura,19,Win,True,61,18,12,2,12,21,8,11,2,10,7,0,2,51,25,0.49,16,0.64,26,24,0.92,13,0.5,30,0.97,12,0.8,39,0.72,13,0.38,9,0.82,5,4,0.8,8,13,1,1,1,1,9,7,7.84
5c56367f1e000072711f5660,Adriana Reami,Stoica,19,Win,False,63,16,8,2,7,40,23,11,0,7,5,0,1,66,40,0.61,26,0.65,26,25,0.96,11,0.42,32,0.84,6,1.0,22,0.52,23,0.56,18,0.51,11,8,0.73,19,21,0,0,0,1,-17,-18,15.76
5c6b13fa190000b42f415492,Adriana Reami,Afanasyeva,19,Win,True,72,13,6,3,4,33,17,13,5,14,5,1,1,57,26,0.46,18,0.69,31,30,0.97,17,0.55,33,0.8,22,0.92,39,0.56,26,0.65,7,0.47,10,7,0.7,11,22,3,2,0,1,-16,-16,8.21
5c6b0f2f190000322f41548c,Adriana Reami,Dush,19,Win,True,68,7,2,3,6,26,10,12,4,11,4,0,3,55,25,0.45,19,0.76,30,27,0.9,18,0.6,20,0.74,20,0.77,46,0.61,19,0.53,3,0.6,9,7,0.78,11,15,3,1,0,3,-13,-16,8.64
5c7c89e52700006a140271d0,Adriana Reami,Mally,19,Win,True,60,17,6,3,4,31,17,7,1,10,4,0,1,53,28,0.53,21,0.75,25,24,0.96,12,0.48,25,0.89,27,0.96,24,0.59,17,0.52,19,0.54,5,5,1.0,17,14,1,0,0,1,-10,-11,11.09
5c7950ef19000044488520e3,Adriana Reami,graham,19,Loss,True,57,15,8,2,1,49,36,13,3,6,1,0,2,69,42,0.61,26,0.62,27,25,0.93,12,0.44,20,0.56,20,0.77,29,0.36,13,0.52,15,0.56,6,5,0.83,22,27,3,0,2,0,-33,-35,15.83
5c7e99e2270000486f027225,Adriana Reami,Corse,19,Win,True,78,19,8,2,11,40,18,20,10,8,4,1,0,80,46,0.57,25,0.54,34,34,1.0,23,0.68,49,0.92,18,0.9,35,0.53,24,0.48,19,0.51,9,6,0.67,23,17,7,3,0,0,-10,-9,14.37
5c880c7b1f0000be00c49037,Adriana Reami,Riley,19,Win,True,49,10,8,0,2,13,8,5,0,9,5,4,0,37,18,0.49,17,0.94,19,19,1.0,11,0.58,17,0.94,10,0.91,33,0.72,9,0.69,7,0.7,7,7,1.0,7,6,0,0,0,0,-1,3,8.27
5c88111e1f00002802c49043,Adriana Reami,Zacarias,19,Win,True,56,6,3,1,3,22,10,10,3,11,5,3,1,50,39,0.78,26,0.67,11,10,0.91,4,0.36,23,0.96,10,0.83,40,0.71,12,0.67,4,0.29,4,4,1.0,7,15,3,0,0,1,-13,-11,20.28
5c968df31c00006c8ddfe712,Adriana Reami,Ito,19,Win,False,58,18,9,2,7,26,8,11,6,8,5,0,3,50,34,0.68,22,0.65,16,13,0.81,9,0.56,32,0.89,10,0.91,28,0.55,16,0.64,14,0.61,9,7,0.78,12,14,3,3,0,3,-1,-4,14.96
5c9815661d0000ee1ef88298,Adriana Reami,danoilova,19,Win,False,62,7,5,1,1,21,14,7,5,12,6,1,6,51,25,0.49,18,0.72,26,20,0.77,12,0.46,29,0.85,11,0.79,39,0.57,13,0.76,10,0.62,5,4,0.8,8,13,5,0,2,4,-13,-18,8.82
5cb09964190000b762ffc6fa,Adriana Reami,Oparanovic,19,Loss,False,82,13,7,2,0,72,50,18,0,12,3,1,4,97,60,0.62,34,0.57,37,33,0.89,15,0.41,42,0.79,28,0.85,46,0.48,22,0.45,14,0.35,11,8,0.73,32,40,0,0,0,4,-59,-62,21.03
5cb0a24a1900000e64ffc700,Adriana Reami,Kaufmann,19,Win,False,54,10,6,1,0,27,19,6,0,7,5,0,3,48,36,0.75,26,0.72,12,9,0.75,4,0.33,20,0.77,13,0.87,28,0.58,15,0.54,11,0.79,4,4,1.0,12,15,0,0,0,3,-17,-20,19.5
5cd4ca4a230000c93df5ee8f,Adriana Reami,Bakkari,19,Incomplete,False,82,12,7,0,12,57,38,15,1,13,6,0,2,79,45,0.57,30,0.67,34,32,0.94,13,0.38,56,0.88,9,0.82,39,0.54,25,0.53,18,0.5,8,6,0.75,18,39,1,0,0,2,-33,-35,17.09
5d93af0d1800006b4fcaa8e6,Adriana Reami,merteena,20,Loss,False,59,25,13,2,7,55,27,15,12,9,5,5,4,71,39,0.55,24,0.62,32,28,0.88,10,0.31,32,0.8,27,0.93,25,0.38,17,0.44,17,0.47,6,4,0.67,33,22,6,6,1,3,-23,-22,13.18
5d94166f180000755dcaa8f6,Adriana Reami,kessler,20,Win,False,83,28,16,4,8,55,28,20,2,14,7,1,1,75,44,0.59,24,0.55,31,30,0.97,17,0.55,40,0.8,25,0.93,40,0.54,20,0.45,23,0.59,10,7,0.7,17,38,1,1,0,1,-19,-19,14.08
5d94a001210000b406a34455,Adriana Reami,detkovskaya,20,Win,False,63,11,6,1,11,24,11,13,11,10,6,1,3,58,31,0.53,23,0.74,27,24,0.89,12,0.44,32,0.84,14,1.0,32,0.6,20,0.51,11,0.55,6,5,0.83,13,11,9,2,1,2,-2,-4,12.29
5d941ae1180000195ecaa8fa,Adriana Reami,Stolamr,20,Win,False,54,9,5,2,3,21,10,8,2,8,4,2,2,44,29,0.66,24,0.83,15,13,0.87,8,0.53,21,0.84,8,0.8,34,0.69,15,0.65,5,0.45,5,5,1.0,7,14,2,0,0,2,-9,-9,15.82
5e24ae531b00000f0e48c292,Adriana Reami,Amaro,20,Win,False,51,10,6,1,4,18,10,5,3,9,5,1,1,40,22,0.55,15,0.68,18,17,0.94,13,0.72,20,0.83,9,1.0,32,0.7,9,0.5,10,0.62,7,7,1.0,4,14,1,2,0,1,-4,-4,8.25
5e250ae91b00008a1d48c2a7,Adriana Reami,Cinellatto,20,Win,True,84,13,9,2,23,31,16,14,21,19,8,4,4,72,43,0.6,27,0.63,29,25,0.86,10,0.34,39,0.8,23,0.92,54,0.55,23,0.62,7,0.39,9,6,0.67,12,19,10,11,2,2,5,5,16.12
5e21f5bf2100006d530175bd,Adriana Reami,Rompf,20,Win,False,59,10,5,0,22,21,11,8,12,9,4,0,3,51,33,0.65,22,0.67,18,15,0.83,12,0.67,32,0.84,9,1.0,27,0.59,19,0.56,13,0.54,5,5,1.0,6,15,6,6,2,1,11,8,14.24
5e24b1661b0000490e48c297,Adriana Reami,Sawhney,20,Win,True,58,6,2,1,4,21,7,14,5,7,6,4,0,49,28,0.57,23,0.82,21,21,1.0,7,0.33,18,0.78,14,0.82,44,0.63,9,0.53,5,0.62,8,6,0.75,7,14,2,3,0,0,-11,-7,13.14
5e2b27cd180000d97d6eb541,Adriana Reami,Seva,20,Win,True,58,10,4,4,18,14,8,4,15,10,7,1,0,44,16,0.36,12,0.75,28,28,1.0,14,0.5,34,0.89,9,1.0,37,0.63,13,0.57,8,0.57,8,5,0.62,6,8,9,6,0,0,14,15,4.36
5e2b2d031800009e7e6eb54a,Adriana Reami,Diercksen,20,Win,True,51,8,5,1,14,10,7,3,5,11,7,0,2,32,15,0.47,10,0.67,17,15,0.88,13,0.76,17,0.74,12,0.8,38,0.69,11,0.69,2,0.67,6,5,0.83,2,8,4,1,1,1,12,10,4.69
5e2c62ff18000034ba6eb580,Adriana Reami,Naklo,20,Loss,False,65,8,5,3,18,28,8,18,22,7,3,1,5,73,35,0.48,21,0.6,38,33,0.87,16,0.42,38,0.84,20,0.87,35,0.45,23,0.49,7,0.41,6,5,0.83,17,11,15,7,2,3,-2,-6,10.07
5e2c5f1f180000b0b96eb57a,Adriana Reami,Haet,20,Win,False,61,13,6,5,10,23,13,9,5,9,4,3,4,53,35,0.66,26,0.74,18,14,0.78,8,0.44,32,0.94,13,0.93,35,0.67,17,0.52,9,0.53,5,5,1.0,10,13,5,0,0,4,0,-1,17.17
5e37813d1e0000701de05810,Adriana Reami,Delgado,20,Win,True,57,18,9,4,3,27,7,14,2,7,6,6,4,52,26,0.5,20,0.77,26,22,0.85,10,0.38,34,0.92,9,0.9,28,0.61,18,0.55,11,0.52,5,5,1.0,12,15,2,0,2,2,-6,-4,10.0
5e373f331e00009c16e057fb,Adriana Reami,Emma,20,Win,False,58,8,5,1,13,26,15,7,11,11,6,1,1,54,34,0.63,19,0.56,20,19,0.95,9,0.45,13,0.68,18,0.82,40,0.56,13,0.5,5,0.62,5,4,0.8,12,14,7,4,0,1,-5,-5,11.96
5e5ae2801b000020e53e656f,Adriana Reami,Nihelani,20,Win,False,49,9,5,2,0,23,16,4,0,10,7,2,2,35,24,0.69,16,0.67,11,9,0.82,5,0.45,24,0.86,16,1.0,28,0.61,11,0.58,10,0.71,3,3,1.0,10,13,0,0,1,1,-14,-14,10.97
5e5d9b731e00009f809b373f,Adriana Reami,O'Dell,20,Win,False,63,13,5,1,8,29,14,10,7,8,4,1,0,50,31,0.62,24,0.77,19,19,1.0,13,0.68,17,0.63,23,0.88,34,0.55,16,0.57,13,0.76,6,6,1.0,13,16,4,3,0,0,-8,-7,14.88
6005a6bc43000043b3832401,Adriana Reami,glossman,21,Win,True,82,30,11,7,7,41,19,18,11,13,7,2,2,76,43,0.57,28,0.65,33,31,0.94,13,0.39,54,0.83,11,0.85,44,0.54,22,0.55,16,0.48,10,8,0.8,19,22,6,5,0,2,-4,-4,15.84
6011cf8c4200009a0b5aeb89,Adriana Reami,Crowley,21,Loss,True,57,13,8,2,2,37,20,13,0,8,3,1,2,57,29,0.51,18,0.62,28,26,0.93,13,0.46,22,0.79,21,0.88,37,0.51,15,0.47,5,0.42,5,3,0.6,12,25,0,0,0,2,-22,-23,9.16
6014339d4200009c575aebaf,Adriana Reami,Leslie,21,Win,True,56,10,4,3,7,23,13,10,5,6,4,2,0,48,31,0.65,21,0.68,17,17,1.0,11,0.65,20,0.65,17,0.94,36,0.55,10,0.53,10,0.62,9,8,0.89,7,16,3,2,0,0,-6,-4,13.56
60183371420000ded95aec34,Adriana Reami,Zaccarias,21,Win,True,50,6,3,2,0,24,15,9,1,5,4,6,1,41,29,0.71,23,0.79,12,11,0.92,9,0.75,19,0.7,9,0.82,38,0.68,10,0.59,2,0.33,8,8,1.0,12,12,1,0,1,0,-18,-13,16.27
6032c328420000ec2117d8d2,Adriana Reami,Killingsworth,21,Win,True,76,12,8,1,13,18,7,11,18,14,6,6,1,71,42,0.59,27,0.64,29,28,0.97,15,0.52,38,0.76,19,0.95,55,0.62,14,0.41,7,0.37,5,4,0.8,10,8,14,4,0,1,7,12,15.97
6033087e4200009db717d8e7,Adriana Reami,Rebeka Mertena,21,Win,True,59,16,8,1,10,31,19,10,13,13,4,2,1,52,28,0.54,22,0.79,24,23,0.96,10,0.42,35,0.92,23,0.96,22,0.5,19,0.59,18,0.46,5,5,1.0,9,22,7,6,1,0,-5,-4,11.85
604f858b430000326386b5bd,Adriana Reami,Middlebrooks,21,Win,False,54,12,5,5,0,18,6,11,0,7,7,0,0,39,21,0.54,13,0.62,18,18,1.0,13,0.72,15,1.0,17,1.0,27,0.66,20,0.8,7,0.78,4,3,0.75,8,10,0,0,0,0,-6,-6,7.0
604f886a430000356386b5c5,Adriana Reami,Hrastar,21,Win,False,50,9,6,2,0,13,9,4,0,8,6,3,0,29,20,0.69,16,0.8,9,9,1.0,8,0.89,22,0.92,11,0.92,32,0.74,11,0.73,7,0.7,3,3,1.0,5,8,0,0,0,0,-4,-1,11.03
6058b35145000007a37c613b,Adriana Reami,Aguiar,21,Win,True,66,9,3,5,6,25,15,10,5,10,7,3,2,57,34,0.6,23,0.68,23,21,0.91,10,0.43,27,0.87,20,0.87,41,0.64,15,0.48,10,0.53,6,4,0.67,10,15,4,1,0,2,-10,-9,13.72
6058b53a450000ada37c6144,Adriana Reami,Novotna,21,Win,False,53,7,4,1,3,12,9,2,3,6,5,2,0,45,34,0.76,26,0.76,11,11,1.0,5,0.45,24,0.89,10,1.0,39,0.67,10,0.45,4,0.8,5,5,1.0,5,7,2,1,0,0,-2,0,19.64
6070d1b8450000186bfd24c3,Adriana Reami,Nina Sorkin,21,Win,False,53,15,5,1,7,28,9,14,5,11,6,4,1,37,17,0.46,13,0.76,20,19,0.95,12,0.6,30,0.91,17,1.0,23,0.62,14,0.48,16,0.7,4,4,1.0,9,19,2,3,0,1,-6,-3,5.97
607392b4460000eae3201798,Adriana Reami,Johanse,21,Loss,False,40,7,2,0,0,43,27,15,0,10,4,1,2,45,25,0.56,10,0.4,20,18,0.9,6,0.3,36,0.92,10,0.77,18,0.46,14,0.38,8,0.38,8,2,0.25,21,22,0,0,0,2,-36,-37,5.56
610c369f3f0000d84fafd467,Adriana Reami,Ciuca,21,Win,True,58,12,8,0,14,13,8,2,10,6,5,3,1,49,27,0.55,15,0.56,22,21,0.95,17,0.77,28,0.82,10,0.91,38,0.62,15,0.6,5,0.42,9,7,0.78,2,11,5,5,0,1,13,15,8.27
611d1a5d410000ae020b8125,Adriana Reami,Kadleckova,21,Loss,False,46,9,2,2,19,20,11,6,15,5,3,1,4,47,26,0.55,17,0.65,21,17,0.81,5,0.24,38,0.9,11,0.85,24,0.47,16,0.5,6,0.3,9,4,0.44,3,17,10,5,1,3,8,5,9.4
